grad_norm,loss,loss_q2,loss_q3,mse,mse_q2,mse_q3,param_norm,samples,step,vb,vb_q2,vb_q3,loss_q0,loss_q1,mse_q0,mse_q1,vb_q0,vb_q1
3.5134823861524316,1.046722412109375,0.9337717,1.1596732,0.9959656596183777,0.92906773,1.0628636,151.50731890457268,4,0,0.05075680837035179,0.0047040256,0.09680959,,,,,,
2.9816438491556005,0.9350563049316406,0.89625645,0.96401495,0.9253699660301209,0.89188373,0.9484779,151.50931009359672,44,10,0.00968634602613747,0.0043726773,0.015537149,0.9331573,0.9328127,0.9163518,0.92825973,0.016805453,0.004553218
2.852676002905671,0.7960670828819275,0.7617704,0.8065795,0.7886918365955352,0.7580356,0.7873305,151.5135828385008,84,20,0.007375243864953519,0.0037347823,0.019248972,0.81271756,0.80698645,0.8048254,0.80268484,0.007892119,0.004301668
2.593585844383052,0.6968303024768829,0.6366541,0.67094815,0.689111250638962,0.63345677,0.66026354,151.5189449627455,124,30,0.007719064829871058,0.0031974416,0.010684615,0.7968691,0.67655563,0.7816003,0.6730714,0.015268955,0.0034842824
2.352998482439384,0.5309969663619996,0.49260426,0.52572614,0.5259876012802124,0.49000382,0.51762074,151.52591643094985,164,40,0.005009357444941997,0.00260049,0.008105479,0.6165911,0.54189473,0.6089935,0.53925526,0.0075976565,0.0026394664
2.1362476224514704,0.47734637558460236,0.43796545,0.4457447,0.4690806686878204,0.43575126,0.42832094,151.53261756321623,204,50,0.00826572368387133,0.0022141254,0.017423727,0.6339148,0.39995125,0.62151307,0.39798298,0.012401772,0.0019682825
1.9676353392846198,0.3904076725244522,0.313297,0.30932593,0.3834626376628876,0.3116864,0.29669583,151.54053065151047,244,60,0.006945034908130765,0.0016105372,0.012630113,0.5569578,0.37616068,0.54645216,0.37425804,0.010505629,0.0019026904
2.0196182901098068,0.393618255853653,0.26701945,0.2545466,0.3826659023761749,0.26573715,0.24611235,151.55077861484097,284,70,0.010952348471619189,0.0012822646,0.00843425,0.5862094,0.3242812,0.5641372,0.3225084,0.022072246,0.0017727976
1.6955415293386815,0.29198790043592454,0.2320595,0.21867444,0.2866204023361206,0.23087995,0.20740154,151.56124889907372,324,80,0.005367507413029671,0.001179546,0.011272894,0.49493605,0.25511417,0.48413867,0.2538995,0.0107974205,0.0012146793
1.6218943337083571,0.2805596500635147,0.2017933,0.17453435,0.27378352284431456,0.20081548,0.1723336,151.57088083022572,364,90,0.006776128942146898,0.0009778342,0.0022007448,0.46828333,0.22996372,0.44912028,0.22880085,0.019163035,0.0011628671
1.6689967662228522,0.27872188985347746,0.16088831,0.13798924,0.27321935594081875,0.16010155,0.13314706,151.57812143256353,404,100,0.005502532329410314,0.0007867602,0.0048421477,0.45531443,0.21348253,0.44485006,0.21240444,0.010464342,0.0010780877
1.308054648540295,0.20857325792312623,0.15508346,0.122637205,0.2050284400582314,0.15433179,0.12008217,151.58647739028348,444,110,0.0035448196111246945,0.0007516578,0.0025550502,0.46727303,0.1992,0.44803333,0.1981926,0.019239668,0.0010074096
1.4316285929515784,0.21965260878205298,0.12840888,0.1130159,0.21692219600081444,0.12780257,0.11201057,151.59678325448542,484,120,0.0027304086193908005,0.00060630875,0.0010053253,0.38217607,0.18572468,0.37548476,0.18473512,0.0066913036,0.0009895512
1.1413425635796073,0.1722169265151024,0.11577507,0.090935886,0.1699417293071747,0.115206145,0.08993576,151.60726856137913,524,130,0.0022751950076781214,0.00056893815,0.0010001406,0.4554757,0.17216317,0.44274825,0.17125273,0.012727464,0.0009104176
1.4907877839668489,0.2351527333259583,0.12480695,0.0905945,0.22779780104756356,0.12419306,0.085028,151.6180035939725,564,140,0.00735492706298828,0.00061388384,0.0055665085,0.42723766,0.15670364,0.4093036,0.15587187,0.017934043,0.0008317328
1.2364074113506411,0.18425402715802194,0.09163243,0.08840815,0.1664744198322296,0.09118757,0.08279977,151.62871398245048,604,150,0.01777960143517703,0.00044484745,0.005608393,0.4862551,0.14378488,0.40462944,0.14310041,0.081625625,0.0006844577
1.1290019755842775,0.1523855485022068,0.078781225,0.061761133,0.15002978220582008,0.07838162,0.057064578,151.63893003897934,644,160,0.0023557695152703674,0.0003996145,0.0046965596,0.27021018,0.12051604,0.26711705,0.11992991,0.0030930918,0.00058611523
1.5766501335545935,0.19966208189725876,0.0854064,0.07435532,0.1936275877058506,0.084992886,0.06916984,151.64716805571348,684,170,0.006034486822318285,0.00041351834,0.0051854746,0.42122784,0.14828429,0.40555742,0.14751272,0.015670376,0.0007715998
1.0169789435074557,0.14361220449209214,0.093779474,0.06920816,0.14246044829487803,0.09332551,0.068459645,151.656474690206,724,180,0.0011517554754391314,0.00045396964,0.000748519,0.22521591,0.13079534,0.22299333,0.13014421,0.0022225953,0.0006511164
1.0317746780399186,0.14307068139314652,0.08313326,0.057820108,0.14010769724845887,0.08272509,0.05647037,151.6657641137805,764,190,0.002962984843179584,0.00040815305,0.0013497325,0.37591317,0.11116864,0.364121,0.11060543,0.01179216,0.00056319055
1.4011563842619106,0.2054394394159317,0.08030941,0.054030966,0.17241038680076598,0.07989977,0.053214412,151.67406514353775,804,200,0.03302905094460584,0.00040962937,0.0008165611,0.89234436,0.11463132,0.67526543,0.11407111,0.21707891,0.00056020985
1.0105631616864401,0.12767990864813328,0.06941176,0.04591854,0.1258342530578375,0.069067344,0.04535021,151.6817020105041,844,210,0.0018456556688761338,0.0003444345,0.00056833314,0.31170475,0.14172368,0.30456153,0.1410242,0.0071432414,0.000699491
1.2531031364995084,0.195708766579628,0.07207581,0.053218633,0.18528470396995544,0.07171243,0.048931688,151.68828210058453,884,220,0.010424058823264203,0.0003633805,0.004286954,0.5308483,0.1302986,0.49643597,0.12965485,0.034412354,0.00064372993
1.3997886456199804,0.16939045339822767,0.057816025,0.043616578,0.16454718485474587,0.057535697,0.043199185,151.69570298093186,924,230,0.0048432658892124895,0.00028033048,0.00041738423,0.41821223,0.12613717,0.40179253,0.12553658,0.0164197,0.0006005949
1.3065720116022992,0.173654567822814,0.072909124,0.04370476,0.1675164870917797,0.07256277,0.04313196,151.70353868286782,964,240,0.006138078385265543,0.00034635348,0.00057280314,0.5021721,0.11841807,0.47677296,0.117800936,0.025399208,0.00061714096
0.9693931443277014,0.1197257749736309,0.063792475,0.039260928,0.11578469462692738,0.0634683,0.034273323,151.70958002999623,1004,250,0.003941083673271352,0.0003241796,0.004987603,0.3211823,0.11105164,0.310079,0.11047928,0.011103353,0.00057234854
1.0111611226246655,0.13957053758203983,0.061120823,0.034422267,0.12998592741787435,0.060811453,0.033169053,151.71478915420644,1044,260,0.009584604401607067,0.00030936798,0.0012532127,0.47214234,0.10172263,0.42054397,0.10121725,0.05159837,0.0005053675
1.3038709940034112,0.1907222181558609,0.06085017,0.03521306,0.1801738351583481,0.06054652,0.034783166,151.7209615749473,1084,270,0.010548378614475952,0.0003036558,0.0004298953,0.46434885,0.12000103,0.4301746,0.119424164,0.03417418,0.0005768606
0.918131899162872,0.11563926003873348,0.057833586,0.030652815,0.11213143821805716,0.057548214,0.028765837,151.7284709605656,1124,280,0.0035078218556009234,0.0002853818,0.001886982,0.39877623,0.119065404,0.3834876,0.118489526,0.0152886305,0.0005758779
0.9576958220284129,0.10677815712988377,0.06817788,0.030973304,0.10521111860871314,0.06784184,0.029194916,151.7364322639582,1164,290,0.0015670324821257962,0.00033602945,0.0017783873,0.26022115,0.11622594,0.25659394,0.11564286,0.0036272209,0.0005830823
1.5694641116445647,0.207370226085186,0.0582353,0.03490496,0.19859673753380774,0.0579451,0.03431108,151.7422899334404,1204,300,0.008773493743501603,0.00029019135,0.00059387967,0.42880863,0.1178368,0.40473762,0.11722117,0.024071021,0.0006156591
1.0410058325397387,0.13648597598075868,0.05465523,0.027583733,0.13218777813017368,0.0543733,0.027171884,151.75037474498754,1244,310,0.004298200397170148,0.00028193288,0.00041184571,0.5148409,0.11035006,0.48890772,0.10976033,0.025933154,0.00058971974
1.1324953518645469,0.12925506122410296,0.05725718,0.033959832,0.1254602253437042,0.05697334,0.029611327,151.7579941478476,1284,320,0.0037948320474242795,0.00028383237,0.0043484974,0.28980386,0.095660105,0.2816841,0.09518761,0.008119725,0.000472493
1.2386774644754466,0.1578162334859371,0.05436052,0.033579033,0.15132495537400245,0.054076176,0.032755584,151.76620335403152,1324,330,0.006491276924498379,0.00028434288,0.00082345377,0.54494673,0.12610832,0.51076573,0.12543392,0.034180954,0.0006744115
1.0155458745696906,0.12322039976716041,0.05675228,0.033465724,0.12140922173857689,0.056468733,0.032380547,151.7756990435468,1364,340,0.0018111752171535045,0.00028354238,0.0010851824,0.26353043,0.122723855,0.25864697,0.122074604,0.004883469,0.00064924924
1.046983991527669,0.14489116705954072,0.056937788,0.028484412,0.12936912402510642,0.0566638,0.027817763,151.783348882997,1404,350,0.015522038325434548,0.0002739899,0.0006666487,0.4018125,0.09783358,0.33447227,0.097321056,0.06734018,0.0005124987
0.9169714342571359,0.10033015012741088,0.051943988,0.027060887,0.09870707355439663,0.051672194,0.026730483,151.79014033138384,1444,360,0.001623073293012567,0.00027179136,0.00033040132,0.28686768,0.0874094,0.28009748,0.087001555,0.0067702266,0.00040783893
0.9949686417477175,0.11376550532877445,0.051363513,0.029772388,0.10947306901216505,0.051106554,0.029492786,151.7960532884106,1484,370,0.004292435859679243,0.00025695903,0.00027960283,0.35706723,0.09903559,0.3341939,0.09853881,0.022873351,0.0004967863
1.2695797852456183,0.14777014777064323,0.06466502,0.023306675,0.1434464357793331,0.064357035,0.02226879,151.80217617657996,1524,380,0.0043237156409304586,0.0003079765,0.001037885,0.3458841,0.093919665,0.33287713,0.093459666,0.013006994,0.00045999326
1.0627331467515437,0.1800130870193243,0.050334,0.030483324,0.13113215677440165,0.05007716,0.030166758,151.80779972687677,1564,390,0.04888093615300023,0.0002568452,0.00031656816,0.51435876,0.11245254,0.3200701,0.111858375,0.19428867,0.00059417123
1.0018512267580133,0.12309697866439817,0.056689747,0.030240182,0.12082328349351883,0.05641372,0.028404688,151.8148391807368,1604,400,0.0022736937244189903,0.00027601808,0.0018354995,0.30412424,0.10588239,0.29730895,0.10535148,0.006815228,0.00053090113
1.3812730313947414,0.20388004630804063,0.05719779,0.024557002,0.15755148828029633,0.056918982,0.02396456,151.82016429523128,1644,410,0.04632856020762119,0.00027880317,0.0005924397,0.44846466,0.09425685,0.32565048,0.09377078,0.12281417,0.00048606843
1.0012898873205407,0.1145313460379839,0.052132532,0.030150462,0.11210241429507732,0.051871315,0.029181007,151.82491942877536,1684,420,0.002428933401824907,0.0002612125,0.0009694564,0.2884094,0.09757564,0.27945605,0.09707998,0.008953393,0.0004956504
1.2601112984357101,0.1672493010759354,0.05933607,0.026617737,0.15769027248024942,0.059052173,0.02607446,151.83127108845486,1724,430,0.009559036744758487,0.00028390437,0.000543277,0.37943962,0.107362576,0.35092735,0.10680106,0.028512292,0.0005614889
0.857670277780929,0.10952716358006001,0.049521938,0.019538265,0.10461027510464191,0.049275395,0.019050831,151.836813033941,1764,440,0.004916882468387484,0.00024654483,0.00048743148,0.2691478,0.09532075,0.25072646,0.09483269,0.018421343,0.00048805802
0.804953037997808,0.08801450971513987,0.042452093,0.022923674,0.08701102733612061,0.042238507,0.022526724,151.8417047445201,1804,450,0.0010034801583969966,0.00021359687,0.00039695835,0.3057972,0.10410548,0.301304,0.10356033,0.0044931853,0.0005451546
1.0043487041197132,0.1127581525593996,0.05471548,0.021984832,0.11030160151422023,0.054446176,0.021652065,151.8454065806469,1844,460,0.0024565522966440772,0.00026930557,0.00033276537,0.27875364,0.098851755,0.2700689,0.0983186,0.008684646,0.00053314556
1.1866777155779293,0.14925633631646634,0.056576047,0.019883154,0.14441028013825416,0.056289233,0.019345295,151.84948150892873,1884,470,0.004846059458213859,0.00028681566,0.00053786143,0.38902658,0.07911046,0.37240827,0.078722216,0.01661829,0.00038825383
0.9546422512306093,0.12248786240816119,0.05235786,0.025663348,0.11543196029961109,0.052081842,0.02492053,151.85577946430482,1924,480,0.0070559024577960365,0.00027601214,0.0007428145,0.4250317,0.09682952,0.38070178,0.096341476,0.044329934,0.0004880389
0.7802838497811474,0.08348724469542504,0.048392903,0.03002171,0.08282188400626184,0.04814917,0.029575124,151.8632794069082,1964,490,0.0006653595963143745,0.00024373105,0.00044658835,0.16171855,0.084116615,0.16019484,0.08370222,0.0015237157,0.00041439463
0.9965770026257896,0.1325162537395954,0.04543542,0.021384064,0.12100730873644353,0.045203626,0.020825882,151.86711389986226,2004,500,0.011508944386150688,0.00023179255,0.00055818417,0.38118377,0.111502424,0.33653605,0.11093383,0.044647697,0.0005685865
1.086589962418852,0.13008704744279384,0.05059929,0.020648696,0.12038376107811928,0.050343223,0.019986417,151.87039440064197,2044,510,0.00970328322146088,0.0002560683,0.0006622799,0.32830158,0.0850144,0.29703745,0.08460528,0.031264048,0.00040912005
0.9300800822014165,0.10154582411050796,0.045613192,0.020076776,0.0988992616534233,0.045379896,0.0198132,151.87426615916928,2084,520,0.002646562684094533,0.00023330332,0.0002635733,0.2587624,0.10942725,0.24816598,0.10886509,0.01059642,0.00056215056
0.8023507726755124,0.08529716208577155,0.05552979,0.023385903,0.08445350490510463,0.055255216,0.022997763,151.8780797285244,2124,530,0.0008436598698608577,0.0002745723,0.0003881416,0.20057695,0.0915728,0.19749871,0.09111241,0.0030781962,0.00046037082
1.2342615625880498,0.16750559248030183,0.05018519,0.02457701,0.14853011481463912,0.049941197,0.023897698,151.88131063580684,2164,540,0.018975477750063873,0.0002439929,0.00067931064,0.4287403,0.08478781,0.3665651,0.0843467,0.062175095,0.00044111398
1.0366162025909547,0.12191205658018589,0.050606094,0.02036918,0.1195379287004471,0.050352745,0.019868731,151.88573640383606,2204,550,0.002374128543306141,0.00025335394,0.00050044263,0.2568561,0.08336431,0.25087255,0.08294652,0.005983462,0.0004177946
0.8884742334663024,0.09903124850243329,0.04215365,0.023144007,0.09554409384727477,0.041936547,0.022624947,151.89087891540012,2244,560,0.0034871525029302576,0.00021710388,0.00051905564,0.32200366,0.094679676,0.30395532,0.09419637,0.0180483,0.00048331442
0.9874543307842313,0.10337750390172004,0.04687865,0.021769729,0.10175657086074351,0.04664904,0.021403275,151.89583566482503,2284,570,0.0016209350171266122,0.00022961447,0.00036645329,0.20803007,0.090997055,0.20382847,0.09051627,0.0042016227,0.00048076326
1.116475345737349,0.13349983468651772,0.049613576,0.01582247,0.1307132698595524,0.04936852,0.015550702,151.90127235800884,2324,580,0.0027865667740115895,0.0002450537,0.00027176982,0.25840598,0.115342475,0.25156176,0.11474233,0.0068442454,0.0006001442
0.9597474893162106,0.10911825001239778,0.049944848,0.029200953,0.10753767639398575,0.049701642,0.028847048,151.90563180122385,2364,590,0.0015805725939571857,0.00024320703,0.00035390386,0.23249607,0.085670225,0.22799607,0.08524508,0.004500063,0.00042514858
0.8714171983008752,0.11783702075481416,0.047423508,0.020586545,0.10365737322717905,0.047196887,0.020400709,151.9095265420619,2404,600,0.014179643683019095,0.00022662364,0.00018583373,0.23140498,0.09400402,0.18847406,0.09351333,0.042930927,0.0004906901
1.070007246910725,0.1150250855833292,0.038781203,0.0189983,0.1117417398840189,0.038588963,0.018497795,151.91296404966766,2444,610,0.0032833448407473043,0.00019224573,0.0005005045,0.24310838,0.086410195,0.2338501,0.08596705,0.009258292,0.00044316493
1.153254987295817,0.13526420556008817,0.04677315,0.022705968,0.126625495031476,0.046554886,0.022147011,151.91528997944928,2484,620,0.008638713930849917,0.0002182662,0.000558957,0.37039006,0.1108145,0.33734748,0.11021572,0.033042606,0.0005987519
1.322266697165578,0.18279238305985931,0.062468026,0.02020098,0.1634289063513279,0.062171116,0.019970799,151.91738915063274,2524,630,0.019363476772559805,0.00029690424,0.00023018208,0.41813156,0.07808811,0.36338532,0.07770879,0.05474619,0.00037933228
0.8299175827082275,0.09699464291334155,0.045184426,0.019063076,0.09528647307306529,0.044963956,0.018774845,151.92250372008357,2564,640,0.0017081685131415726,0.00022047735,0.00028822958,0.20164743,0.09566232,0.19668196,0.095188685,0.0049655074,0.00047363533
1.0697298522820426,0.12268164977431298,0.051602975,0.018572878,0.11963630728423595,0.051362466,0.017969165,151.92737876409788,2604,650,0.0030453403713181617,0.0002405022,0.0006037093,0.23129702,0.11045691,0.22392412,0.10988751,0.007372875,0.00056939496
1.0648666350147997,0.11505769044160843,0.046180878,0.0189472,0.11127624660730363,0.045945965,0.018517911,151.9310200719081,2644,660,0.0037814444978721442,0.00023491716,0.00042928994,0.26911464,0.07242913,0.25821292,0.072071284,0.010901693,0.00035784955
1.1169945250488833,0.13248114995658397,0.058948956,0.021254357,0.12893364802002907,0.05866281,0.020969322,151.93390860773368,2684,670,0.0035475051030516625,0.00028614735,0.0002850319,0.2677598,0.08456697,0.25829685,0.08410016,0.009462931,0.0004667987
0.8751705650405301,0.5084510568529368,0.040820323,1.533984,0.08988490104675292,0.040599056,0.016263306,151.93733556307876,2724,680,0.4185661389143206,0.00022127261,1.5177208,0.1843381,0.090944104,0.18064258,0.09050249,0.0036955078,0.0004416077
0.8612993054751599,0.09515886977314948,0.042891126,0.016437348,0.09361395910382271,0.042683836,0.015730193,151.94112263200742,2764,690,0.0015449091151822354,0.00020728756,0.0007071559,0.24641712,0.092712514,0.24039799,0.092235155,0.0060191373,0.00047736382
1.0345916921987173,0.12021533250808716,0.046336215,0.021786604,0.11740700714290142,0.046116315,0.021574046,151.94467744797734,2804,700,0.002808324247598648,0.00021990428,0.00021255799,0.24843235,0.09822247,0.23991638,0.09771381,0.008515974,0.0005086723
0.8134035029875885,0.08270926978439092,0.04373865,0.015728375,0.07965866960585118,0.04353323,0.015062543,151.94804911748636,2844,710,0.003050600425922312,0.00020541745,0.00066583016,0.29033744,0.065601654,0.27489322,0.06526844,0.015444242,0.00033321607
0.9963658583972939,0.38509765155613424,0.043715246,1.1349902,0.1157481573522091,0.043496605,0.01866236,151.95153355009612,2884,720,0.2693495231142151,0.00021865239,1.1163278,0.46127152,0.08060157,0.29426867,0.080190316,0.16700287,0.00041125348
0.9295737749675596,0.11678460966795683,0.04360337,0.01732107,0.10699714403599501,0.04338141,0.017058976,151.95418621470404,2924,730,0.009787468415743204,0.00022195987,0.0002620952,0.48938024,0.08217391,0.4258463,0.081749685,0.06353399,0.0004242163
0.8357242256434897,0.08287519589066505,0.040322505,0.018995445,0.08157336972653866,0.040123895,0.018386824,151.9568316966652,2964,740,0.0013018258265219628,0.0001986097,0.0006086239,0.24801894,0.08589012,0.24275132,0.0854494,0.0052676313,0.00044071765
0.8217229869330991,0.10126041341573,0.03954924,0.015835106,0.09232256915420292,0.039358683,0.015393586,151.95955976285939,3004,750,0.008937844599131495,0.0001905527,0.00044152094,0.33748674,0.07098584,0.29413486,0.07062797,0.043351866,0.00035787007
0.6539548372029876,0.06480499021708966,0.046998277,0.016157974,0.06398310326039791,0.046764225,0.014976889,151.96157519233734,3044,760,0.0008218884046073072,0.00023405244,0.0011810827,0.14159971,0.07201068,0.14002569,0.07164707,0.0015740232,0.00036359864
0.9825210621620019,0.12195267602801324,0.047074184,0.013724914,0.11315503530204296,0.04684549,0.013382548,151.96365107655836,3084,770,0.008797639355179854,0.0002286981,0.00034236326,0.5503228,0.08124142,0.4935511,0.08081856,0.05677166,0.00042287103
0.6520929157604012,0.06611639186739922,0.04232899,0.015252962,0.06547646634280682,0.04211412,0.014872025,151.96672296267658,3124,780,0.0006399242163752206,0.00021487146,0.00038093375,0.1542666,0.09161349,0.1522391,0.09116653,0.0020275142,0.00044695786
1.0549126365218562,0.11936264149844646,0.044468243,0.020604314,0.11062428541481495,0.04424889,0.020151928,151.9693112446498,3164,790,0.008738355799869169,0.00021935951,0.00045238624,0.32230288,0.09514258,0.28846908,0.09466931,0.0338338,0.0004732713
0.7501123871732106,0.07341687884181738,0.035212856,0.015944196,0.07240042015910149,0.035019945,0.015668176,151.97187528888603,3204,800,0.0010164587292820215,0.0001929163,0.0002760157,0.20074628,0.07647751,0.19715346,0.07610427,0.003592818,0.0003732431
0.8470286400569543,0.08649123534560205,0.034765903,0.018818982,0.08409075662493706,0.03458277,0.018650608,151.97565098465003,3244,810,0.0024004798673558985,0.0001831318,0.00016837333,0.244444,0.085481614,0.23212938,0.0850371,0.01231462,0.00044453726
0.847944614129625,0.09893822520971299,0.041349888,0.01938407,0.09499738030135632,0.041137137,0.01919153,151.97849141130771,3284,820,0.003940841990697663,0.00021274725,0.0001925389,0.29557088,0.07561851,0.276983,0.07523003,0.018587852,0.00038848742
1.0633626440513442,0.1137927606701851,0.046689283,0.016048223,0.10905235148966312,0.046467565,0.015493071,151.9807298093723,3324,830,0.004740407224744558,0.00022170988,0.00055514975,0.31043753,0.08812423,0.2927454,0.08769826,0.01769211,0.00042597365
0.8552564974394521,0.13905126713216304,0.04734685,0.022650313,0.09218008015304804,0.047116283,0.018458616,151.9834161108684,3364,840,0.04687119128648191,0.00023057328,0.0041916957,0.41954747,0.07457592,0.23722972,0.074197724,0.1823177,0.00037820067
0.6759264097864761,0.06528526917099953,0.048580877,0.02006752,0.06469818279147148,0.048335157,0.019561311,151.9865642962545,3404,850,0.0005870865774340928,0.0002457191,0.0005062079,0.11421507,0.07632551,0.113160156,0.07592566,0.0010549215,0.00039984673
0.8007702971213949,0.08336523063480854,0.036024034,0.017331071,0.08233763910830022,0.035856314,0.01684395,151.98861873293743,3444,860,0.0010275927546899767,0.00016771248,0.00048712094,0.15804209,0.073376164,0.1554418,0.07301057,0.002600317,0.00036558567
0.6077702959363314,0.06387412771582603,0.043207955,0.016940111,0.06338029876351356,0.04299905,0.016546223,151.99099925865,3484,870,0.0004938280530041083,0.00020890954,0.00039388993,0.17973217,0.088477,0.17785454,0.08802874,0.0018776215,0.00044825018
0.9321671011883854,0.10205589942634107,0.0396584,0.015701639,0.09801847282797098,0.03945869,0.015392332,151.99318724543056,3524,880,0.004037426109425724,0.00019970784,0.00030930783,0.29351565,0.080459766,0.27821395,0.08006457,0.015301775,0.000395186
1.0553458633606685,0.13109627217054365,0.03820606,0.017899454,0.11244179829955102,0.038012467,0.01748217,151.99523446433508,3564,890,0.018654469843022527,0.00019359196,0.00041728,0.48750123,0.072668046,0.39550486,0.07231924,0.091996394,0.00034880923
0.7279468040076332,0.06276358217000962,0.036244053,0.01871661,0.06218663062900305,0.036061563,0.018531285,151.99809587116428,3604,900,0.0005769512907136232,0.00018249793,0.00018532394,0.1555998,0.078803815,0.15348601,0.07837312,0.0021137693,0.0004306979
1.0401238522003848,0.12178193591535089,0.045666967,0.017724624,0.1132602721452713,0.04544084,0.01736617,152.00082817857796,3644,910,0.00852166573458817,0.00022612761,0.00035845122,0.2903065,0.06638661,0.26258042,0.06606383,0.027726116,0.00032279763
0.8621892802267095,0.09188530575484037,0.04006371,0.013313385,0.0890837786719203,0.0398624,0.012939259,152.0031361575188,3684,920,0.0028015258605591955,0.00020131248,0.00037412572,0.22996055,0.057734773,0.22128765,0.05744376,0.008672905,0.00029101034
0.9911700920634212,0.11931882631033659,0.035704315,0.015667416,0.115628301165998,0.035528053,0.015247541,152.00631110527505,3724,930,0.003690524920239113,0.0001762647,0.0004198761,0.2608752,0.09178393,0.2509865,0.09129903,0.009888679,0.00048490756
1.0519367128344739,0.11867384761571885,0.046325266,0.016701518,0.11480789333581924,0.046094015,0.016520299,152.00914307677866,3764,940,0.003865951891930308,0.00023125349,0.00018122313,0.3935191,0.060178988,0.37712312,0.059891526,0.016395971,0.00028745842
0.8940487518587981,0.09442157000303267,0.040659804,0.01704258,0.0926563486456871,0.040459845,0.016775463,152.0134528752339,3804,950,0.001765219564549625,0.00019995864,0.00026711536,0.2203202,0.057041842,0.21540397,0.056759715,0.0049162316,0.0002821261
1.057776700841642,0.11577476039528847,0.044668112,0.03123126,0.11360860094428062,0.044451438,0.030977266,152.01656640152282,3844,960,0.002166157506871969,0.00021667508,0.0002539902,0.2100069,0.08729006,0.20446786,0.08683908,0.005538988,0.00045098533
0.849626028496011,0.09128678366541862,0.047018386,0.01843517,0.08801750931888819,0.04677291,0.01792854,152.01942208282108,3884,970,0.003269272783654742,0.00024546552,0.0005066279,0.29123208,0.09417043,0.27643877,0.09363137,0.014793317,0.00053905643
0.7465265096427556,0.06760047972202302,0.039675698,0.013268414,0.06687665581703187,0.039481834,0.012850238,152.02311870629583,3924,980,0.0007238232879899443,0.00019386827,0.0004181776,0.153738,0.06897652,0.15170003,0.06861851,0.0020379873,0.0003580008
0.9310136698216451,0.10727145373821259,0.027088657,0.015482465,0.10356373041868211,0.026939273,0.015255038,152.02706016218698,3964,990,0.003707723825937137,0.00014938167,0.00022742632,0.22604801,0.08077388,0.21446246,0.08036127,0.011585565,0.00041262453
0.9763463695596025,0.17897785231471064,0.038737282,0.015919033,0.12047148346900939,0.03855697,0.015514895,152.0304307793597,4004,1000,0.05850637035910042,0.00018031565,0.0004041388,0.55758923,0.08511479,0.32467803,0.08468489,0.23291127,0.00042991183
0.9661562288812977,0.1038568567484617,0.04813844,0.013134341,0.09796677641570567,0.04791023,0.012593815,152.03423190812939,4044,1010,0.0058900797026581134,0.00022821825,0.0005405254,0.33197412,0.06914526,0.30400005,0.06878645,0.027973989,0.00035879668
1.1616569494271674,0.15269058011472225,0.042093474,0.011678113,0.134229738637805,0.04187439,0.011369109,152.03876404454195,4084,1020,0.018460844623041338,0.00021909637,0.00030900224,0.33215874,0.068076424,0.28343767,0.06772001,0.048721105,0.0003564051
1.1173357197175167,0.18044355250895025,0.03785902,0.020269949,0.13140517380088568,0.037668884,0.01711404,152.042408086298,4124,1030,0.049038383815786804,0.0001901394,0.0031559127,0.4760797,0.07433948,0.32793787,0.07396957,0.14814189,0.0003699051
0.9400851111666589,0.1372397992759943,0.035362244,0.014046087,0.09136555269360543,0.03517302,0.01378196,152.04552705937581,4164,1040,0.045874245799495825,0.0001892168,0.00026412605,0.44824123,0.06329006,0.26550663,0.06297914,0.18273456,0.00031091511
1.328685067288255,0.1612515900284052,0.03894511,0.018541811,0.1508952759206295,0.03876148,0.018214082,152.0483992626855,4204,1050,0.01035631706181448,0.00018363187,0.0003277301,0.34791917,0.073496774,0.32080942,0.07311757,0.027109735,0.00037920187
0.983283255255095,0.09050305448472501,0.044456523,0.014455708,0.08920101337134836,0.044233035,0.014083735,152.05287662061374,4244,1060,0.0013020409533055497,0.00022348792,0.00037197233,0.1673819,0.082276314,0.16409619,0.081861645,0.0032856842,0.00041466943
1.0409319051088342,0.10816638506948949,0.025787935,0.0123560345,0.10557600557804107,0.02565467,0.011791737,152.05598510935687,4284,1070,0.0025903793663019314,0.00013326704,0.00056429714,0.23421296,0.08804724,0.22752032,0.0875923,0.0066926745,0.0004549574
0.8980293613697075,0.09329253789037466,0.045899075,0.014322684,0.09032437112182377,0.04568161,0.013879362,152.05899988456943,4324,1080,0.0029681673215236517,0.00021746042,0.00044332343,0.29962856,0.07492549,0.28440693,0.07452533,0.01522162,0.00040016248
1.0029338543717405,0.0933752465993166,0.04302664,0.014694545,0.09177626688033344,0.042814214,0.014483511,152.06180951757352,4364,1090,0.0015989782055839898,0.00021242535,0.00021103339,0.1986054,0.077558994,0.19392316,0.07716316,0.0046822303,0.00039584484
0.6262491332994903,0.05452373661100864,0.034261193,0.014378618,0.053984161838889134,0.034091063,0.013784349,152.06522374089027,4404,1100,0.000539575122820679,0.00017012966,0.0005942706,0.12095325,0.07530335,0.11949624,0.07491632,0.0014570021,0.00038704724
0.7528503744398275,0.3729633793234825,0.035138585,0.9679172,0.06198571100831031,0.034961626,0.013486777,152.06746130326923,4444,1110,0.31097765429003627,0.00017695766,0.9544304,0.17381269,0.076753736,0.17014197,0.07634902,0.0036706869,0.00040470422
0.8799361088318963,0.08710603043437004,0.035279565,0.010311263,0.08548124991357324,0.03510116,0.010098989,152.07003828768936,4484,1120,0.0016247810213826596,0.00017840115,0.00021227289,0.18721628,0.07824394,0.1820744,0.07785225,0.0051418855,0.00039167888
0.9935840681690445,0.13532315734773875,0.034092173,0.0146421725,0.11588977128267289,0.033921145,0.014385928,152.0713675947994,4524,1130,0.019433382412535137,0.0001710276,0.00025624453,0.33473063,0.073904045,0.27065992,0.0735319,0.06407067,0.0003721385
0.9051026078254988,0.08593570850789549,0.042394746,0.014761873,0.0836449284106493,0.042193875,0.014528094,152.07295743999924,4564,1140,0.0022907790262252092,0.00020087516,0.0002337788,0.20154494,0.06669611,0.19391593,0.06635364,0.007629013,0.00034247612
0.8081422769745183,0.08087711390107868,0.0452482,0.015598383,0.07637745272368196,0.045022555,0.015402424,152.07582098689193,4604,1150,0.004499663878232241,0.00022564537,0.0001959601,0.28857857,0.065308966,0.26015973,0.06494845,0.028418839,0.00036050854
1.297032319123233,0.12262183688580987,0.046947755,0.017345788,0.11563727147877216,0.046726257,0.017142195,152.07788214182983,4644,1160,0.006984561998979189,0.00022149694,0.00020359358,0.30220273,0.06694186,0.27954638,0.06660628,0.022656372,0.00033558207
0.8471628822634507,0.10391666814684868,0.048833102,0.013528242,0.09826324433088304,0.048604116,0.013265255,152.08187276321388,4684,1170,0.005653420505404938,0.00022899618,0.00026298617,0.3819313,0.06992692,0.35102302,0.06956835,0.030908309,0.00035856102
0.7727236979755361,0.07114549838006495,0.034574293,0.014414775,0.07023879298940301,0.03439933,0.014068612,152.08505251929665,4724,1180,0.0009067052218597381,0.00017496334,0.00034616308,0.1865391,0.07374379,0.1833345,0.0733529,0.003204614,0.00039087675
0.6949807541125289,0.07080453727394342,0.035525266,0.014837709,0.06367445774376393,0.035345815,0.014596153,152.08864080357972,4764,1190,0.007130080688511952,0.0001794524,0.00024155552,0.28317472,0.06560914,0.22799116,0.0652683,0.05518353,0.00034084375
0.772522373435458,0.07208264861255885,0.029465461,0.0113747865,0.07089304439723491,0.02931131,0.011170384,152.0929365991475,4804,1200,0.0011896036376128905,0.00015415018,0.00020440239,0.21136504,0.05699,0.2068655,0.056685284,0.004499542,0.0003047253
0.786578061788572,0.07366180364042521,0.040698893,0.0148340445,0.07250610012561085,0.040502325,0.014503581,152.09609943874602,4844,1210,0.001155704603297636,0.00019656797,0.00033045947,0.21659288,0.06533699,0.21198742,0.06497514,0.0046054763,0.00036184513
1.008797546426081,0.12771577145904303,0.034815233,0.013160169,0.11505015231668951,0.03462537,0.012836072,152.09897416456758,4884,1220,0.012665618176106364,0.00018986141,0.00032409743,0.35617143,0.07241513,0.31090015,0.07203258,0.045271236,0.000382562
0.7950556093086827,0.07443835586309433,0.043684978,0.010126872,0.07297132015228272,0.043475494,0.009864005,152.10141563424776,4924,1230,0.0014670367803773841,0.00020948327,0.0002628666,0.19155668,0.06978175,0.18596704,0.069422625,0.005589638,0.00035914016
0.8790660600355168,0.09808953609317543,0.050596073,0.012522275,0.09613058175891638,0.050345335,0.012303108,152.10506992501786,4964,1240,0.0019589540825108998,0.00025074423,0.00021916293,0.22672696,0.08524252,0.22040525,0.08481941,0.006321645,0.00042309726
0.7511283721886065,0.06636800207197666,0.03288457,0.013001627,0.0651558566838503,0.03271842,0.012796014,152.1080860590409,5004,1250,0.0012121453444706273,0.00016615354,0.00020561577,0.2409905,0.086473525,0.23433647,0.08602719,0.006654057,0.00044632747
0.7126289563302638,0.06293371487408876,0.042055186,0.013316642,0.06210304722189903,0.04184888,0.012666398,152.1104813821656,5044,1260,0.0008306696196086705,0.00020631525,0.00065024465,0.13257648,0.07901695,0.13001364,0.07859798,0.002562835,0.00041898034
0.6740472280079838,0.06441224943846464,0.048822887,0.016546633,0.06353576593101025,0.04858753,0.015684938,152.11380554975824,5084,1270,0.0008764833080931566,0.00023536225,0.0008616953,0.19206901,0.064130306,0.18912838,0.063789025,0.00294061,0.0003412812
0.8072391104420901,0.07438823319971562,0.038598288,0.010840204,0.07339811809360981,0.038407322,0.010693055,152.11750143907983,5124,1280,0.000990116827597376,0.00019096301,0.00014714996,0.14319602,0.059631005,0.14075892,0.0593433,0.0024371012,0.0002877097
0.9996682068662601,0.08759841583669185,0.040716417,0.0103520565,0.08452924955636262,0.040526055,0.010171374,152.11951423861547,5164,1290,0.003069165300985332,0.00019036514,0.00018068394,0.2731639,0.064588234,0.26031542,0.06426042,0.01284844,0.00032781984
0.8173366065307064,0.07779692057520152,0.037008394,0.015299732,0.07592980787158013,0.0368271,0.0150000425,152.12260349950088,5204,1300,0.0018671130019356497,0.00018129247,0.00029968919,0.22804688,0.073027715,0.22068056,0.07266139,0.0073663006,0.00036632444
0.8980192856079352,0.07462544292211533,0.039134216,0.011715485,0.07149811387062072,0.038948093,0.011502694,152.1251507175527,5244,1310,0.0031273282773327084,0.00018612495,0.0002127902,0.17939197,0.071001984,0.1676448,0.070641406,0.011747162,0.00036056858
0.8788717909871514,0.0855379719287157,0.04373491,0.02023072,0.08302980326116084,0.043510232,0.019883428,152.12693249033538,5284,1320,0.0025081682717427614,0.0002246766,0.0003472902,0.20949338,0.048761323,0.2010886,0.048515413,0.008404788,0.00024591948
0.7964308718654489,0.06644443944096566,0.036465343,0.013650063,0.06550738513469695,0.03628722,0.013483847,152.12917953663595,5324,1330,0.0009370531683089211,0.00017812225,0.00016621512,0.16352963,0.07559687,0.16018197,0.07519807,0.0033476683,0.00039880164
0.7480912376713937,0.06949600242078302,0.031374827,0.017417278,0.0679128810763359,0.0312167,0.017065017,152.13131938542352,5364,1340,0.001583121129078791,0.00015813243,0.0003522648,0.2263865,0.05985648,0.21861261,0.059557095,0.0077738906,0.0002993863
0.7149360166071141,0.05718667209148407,0.031935897,0.013600401,0.056504711881279944,0.031777944,0.013462015,152.13426972225304,5404,1350,0.0006819592614192516,0.00015795582,0.0001383846,0.15444377,0.052212846,0.15203452,0.051944662,0.0024092486,0.00026818583
0.70647000872537,0.06203073300421238,0.034620784,0.014304478,0.06146552711725235,0.03445425,0.014143329,152.13652951878075,5444,1360,0.0005652062944136561,0.00016654823,0.00016114974,0.13721462,0.06258609,0.13547212,0.06226906,0.0017425177,0.0003170303
0.6436747176905131,0.06111073084175587,0.04014456,0.014316349,0.06006042379885912,0.03995094,0.0141094355,152.13903254979138,5484,1370,0.0010503089390113019,0.00019362205,0.00020691563,0.14862184,0.065638445,0.14433159,0.065310016,0.0042902683,0.00032843061
0.745901392174318,0.06918386630713941,0.03148456,0.00993637,0.06813784912228585,0.031319916,0.009660926,152.1419942927728,5524,1380,0.0010460175588377755,0.00016464051,0.00027544552,0.15041311,0.056463063,0.14751223,0.056169048,0.0029008733,0.00029400844
0.7048140737927335,0.06120717395097017,0.031366132,0.012441994,0.06049942616373301,0.031205826,0.012309605,152.14487099106185,5564,1390,0.0007077472939272412,0.00016030642,0.00013238944,0.13782184,0.06660821,0.13518733,0.06628166,0.0026345088,0.00032654585
0.7150471807540523,0.06282636988908052,0.029666932,0.010243859,0.06125170681625605,0.029515645,0.0100587765,152.14786208983625,5604,1400,0.0015746643897728064,0.00015128736,0.00018508239,0.16272172,0.04871091,0.1570106,0.04847186,0.0057110777,0.00023905367
0.8678763610410933,0.1403966888785362,0.034463335,0.013840901,0.0933532850816846,0.03429842,0.0132529605,152.15116440169373,5644,1410,0.047043399137328384,0.00016491667,0.00058793946,0.36295882,0.053525105,0.21890733,0.05325944,0.14405157,0.0002656687
0.6173415136559619,0.04613358229398727,0.030414797,0.01332519,0.045622492209076874,0.030254567,0.013058894,152.15404631021164,5684,1420,0.0005110898229759185,0.00016023239,0.0002662979,0.135861,0.05491014,0.13402064,0.054636173,0.0018403626,0.00027396655
0.8137272295655228,0.11070633679628372,0.035195373,0.010487013,0.08970200531184673,0.035028793,0.0101520885,152.15734538174135,5724,1430,0.02100432975421427,0.0001665819,0.0003349213,0.39540088,0.057745185,0.303127,0.057456255,0.092273876,0.00028892414
0.8524960523527352,0.07585682831704617,0.03279271,0.018207632,0.0727531637996435,0.032624204,0.017934393,152.1606989995517,5764,1440,0.0031036640939419166,0.00016850376,0.00027323826,0.20740084,0.057259504,0.1956679,0.05694816,0.011732988,0.00031134763
0.8550452160403885,0.0863050950691104,0.031913586,0.013184461,0.08419035747647287,0.03175444,0.0127358455,152.16340625148626,5804,1450,0.0021147376013686877,0.00015914628,0.00044861485,0.17850003,0.0736296,0.17303781,0.07327397,0.005462221,0.0003556316
0.9063603582182115,0.08145886352285743,0.028445223,0.016031288,0.0787927320227027,0.028306656,0.015606267,152.16653201421948,5844,1460,0.0026661304131266658,0.0001385664,0.000425019,0.23847309,0.05084809,0.22861694,0.050598726,0.009856168,0.00024936162
0.7872699248034568,0.2372811706736684,0.03875847,0.66471344,0.0728869652375579,0.038560215,0.010745065,152.1695828323404,5884,1470,0.16439419486705448,0.0001982512,0.65396833,0.16406018,0.074306056,0.16143332,0.073909104,0.0026268873,0.00039694636
0.7519748453472872,0.0687633965164423,0.027520008,0.014602644,0.06785978786647319,0.0273783,0.014453452,152.17265743558366,5924,1480,0.0009036094692419283,0.00014170582,0.00014919332,0.16396868,0.06767051,0.1609788,0.06733611,0.0029898828,0.0003344048
0.7903913026041136,0.07076765038073063,0.030875087,0.012269781,0.06856753900647164,0.030725304,0.011822074,152.1751430343614,5964,1490,0.00220010926714167,0.00014978704,0.00044770568,0.24734475,0.04592165,0.23596115,0.045679662,0.011383592,0.00024198848
0.728608145362583,0.06066355165094137,0.033724006,0.012212945,0.059866645559668544,0.033552732,0.011840753,152.17705695718087,6004,1500,0.0007969056809088215,0.00017127093,0.000372191,0.1685002,0.067427106,0.16491356,0.067100964,0.0035866415,0.00032614055
0.6878513326162673,0.0461889460682869,0.029356005,0.013511738,0.04575153663754463,0.029204704,0.013187717,152.1796437202634,6044,1510,0.0004374094802187756,0.00015130032,0.00032401815,0.10700267,0.07176983,0.10559595,0.071395,0.001406741,0.00037483656
0.9967855958338587,0.09533036593347788,0.0297981,0.01228941,0.0901313243433833,0.029646054,0.011979395,152.18175132054182,6084,1520,0.00519904641842004,0.00015204342,0.0003100163,0.2871739,0.052726917,0.26717934,0.05245809,0.019994551,0.00026882565
0.918760617744917,0.11446102652698754,0.03546151,0.011111948,0.10262235701084134,0.035284102,0.01021084,152.18538654045406,6124,1530,0.011838672023441178,0.00017741362,0.0009011067,0.3737116,0.07427728,0.3225136,0.073915504,0.05119806,0.00036178075
0.8022275368919958,0.07474849894642828,0.041770086,0.012350517,0.07347093522548676,0.0415631,0.012094179,152.18838538723097,6164,1540,0.0012775636234437116,0.0002069851,0.00025633685,0.17485905,0.07147162,0.17092614,0.07111511,0.0039329287,0.00035650874
0.9398283826757727,0.10747885052114725,0.035667535,0.009980523,0.09908508807420731,0.035475142,0.009320838,152.1920987516316,6204,1550,0.008393760507169645,0.00019238862,0.0006596844,0.3253606,0.061464485,0.29302755,0.061177447,0.032332994,0.0002870498
0.9395614111844972,0.09351436030119659,0.030202638,0.016016807,0.08955857530236244,0.030052211,0.015872417,152.19591645464007,6244,1560,0.0039557893833261915,0.00015042488,0.00014439068,0.2663442,0.06754342,0.25112304,0.067197725,0.015221098,0.00034569445
0.6412170337798921,0.048672306817024946,0.033166613,0.01121943,0.047686560358852145,0.033001065,0.010637471,152.1983633193686,6284,1570,0.0009857464727247131,0.00016554429,0.0005819587,0.1690239,0.053179946,0.16481677,0.052908093,0.004207138,0.00027185064
0.7045089724909964,0.061891814786940814,0.038676687,0.009234604,0.060682571586221465,0.038487077,0.009079948,152.20172162045765,6324,1580,0.0012092429700715,0.00018962284,0.00015465717,0.16419071,0.060568035,0.1589896,0.06027419,0.005201134,0.00029386036
0.7134211073115364,0.050843105837702754,0.03241445,0.015052682,0.05042023062705994,0.032253616,0.014871051,152.2050775662833,6364,1590,0.00042287469987059014,0.0001608436,0.00018163086,0.11025587,0.059961498,0.109072626,0.05964458,0.0011832474,0.00031691845
1.0120667632066223,0.1311868079006672,0.03792478,0.009262778,0.10906398817896842,0.037733823,0.00901436,152.20831219672957,6404,1600,0.022122819052310658,0.00019096228,0.00024841842,0.4967727,0.0591018,0.38720477,0.058794796,0.10956802,0.00030701197
0.8663037442206734,0.09204338043928145,0.03526753,0.016865822,0.08984579518437386,0.035094827,0.01671708,152.2117248742819,6444,1610,0.0021975849522277713,0.00017269811,0.00014874231,0.17786321,0.06503897,0.1723913,0.06469397,0.0054719034,0.00034499803
0.7628174569954189,0.06973123159259559,0.035580397,0.013141761,0.0672684531658888,0.035400845,0.012951027,152.21585510850076,6484,1620,0.0024627780934679323,0.00017954716,0.00019073514,0.2575061,0.050865285,0.24233563,0.05059328,0.015170447,0.00027199948
0.7659104246585606,0.07135944813489914,0.03356573,0.011375395,0.06985372100025414,0.033393193,0.010662179,152.219334578339,6524,1630,0.001505726034520194,0.0001725473,0.00071321457,0.1756675,0.073309615,0.17052801,0.072913945,0.005139461,0.000395679
0.778932478438668,0.0675497394055128,0.02695753,0.015221935,0.06661560833454132,0.026815927,0.015022449,152.22152434956422,6564,1640,0.0009341330354800447,0.00014160121,0.00019948659,0.13368417,0.063361995,0.13112818,0.0630316,0.0025559939,0.00033039128
0.8025121444307426,0.06612280523404479,0.030972859,0.014369916,0.06426080921664834,0.03080911,0.012080483,152.22438127755575,6604,1650,0.001861994859063998,0.00016375196,0.0022894319,0.15610765,0.07213822,0.15210085,0.0717672,0.0040068063,0.0003710115
0.675124790783525,0.05307218786329031,0.0314548,0.010186445,0.05233124569058418,0.03129955,0.009931724,152.22642336742666,6644,1660,0.000740940727700945,0.00015524632,0.0002547201,0.16734558,0.07002233,0.16386405,0.06963627,0.003481546,0.0003860626
0.6339939247834008,0.18504389822483064,0.043829802,0.5363127,0.05336455181241036,0.04361212,0.0115504945,152.22828859185756,6684,1670,0.13167935999372277,0.00021768393,0.5247622,0.15043864,0.051473595,0.14813048,0.051212423,0.0023081584,0.00026117475
0.6614414049498702,0.0588314963504672,0.03233563,0.015940187,0.05827917531132698,0.032173276,0.015800923,152.23047100635242,6724,1680,0.000552321193390526,0.00016235623,0.00013926103,0.13021198,0.054760695,0.12832913,0.054476462,0.0018828374,0.0002842452
0.6328836707416995,0.05288032125681639,0.031624496,0.011605639,0.052303483709692955,0.03146823,0.01131484,152.23334509996323,6764,1690,0.0005768380084191449,0.00015626937,0.00029079756,0.13364707,0.050237376,0.13207424,0.049989793,0.0015728308,0.00024758503
0.7647793833315948,0.06778714172542095,0.04112705,0.011753524,0.06664198897778989,0.040929522,0.01124612,152.23578249159434,6804,1700,0.0011451523852883839,0.00019752486,0.0005074034,0.147117,0.05878609,0.14386046,0.058483377,0.003256548,0.00030271243
0.7689557811260993,0.06267987387254834,0.030016074,0.014873991,0.061256873328238724,0.029863609,0.014665186,152.23722242348543,6844,1710,0.001423000809154473,0.00015246251,0.00020880053,0.17035392,0.06895076,0.16415668,0.06859345,0.006197235,0.00035731064
0.7543105898353966,0.06605204436928035,0.03261032,0.013748732,0.06438694950193166,0.032456648,0.013472882,152.23932736092777,6884,1720,0.00166509352857247,0.00015367159,0.00027584902,0.16572799,0.07874467,0.15848559,0.07833844,0.0072423737,0.00040621997
0.7469903954885144,0.058374271541833875,0.027742697,0.01192373,0.057274817675352106,0.02759805,0.011791324,152.24182359314722,6924,1730,0.0010994535230565816,0.00014464423,0.00013240693,0.13707471,0.04095663,0.13378045,0.0407502,0.0032942668,0.00020642084
0.6885695074706899,0.05534319989383222,0.033337336,0.012092778,0.054832155257463454,0.03316701,0.011941989,152.24443135591645,6964,1740,0.0005110444093588739,0.00017032193,0.00015078999,0.12777865,0.06355878,0.12574184,0.06322683,0.0020368153,0.0003319591
0.878610755848811,0.06624424140900373,0.04032658,0.014222806,0.0646474052220583,0.04013799,0.013417919,152.24624465581712,7004,1750,0.0015968367486493664,0.00018859486,0.0008048844,0.11883414,0.04536894,0.11603364,0.045156583,0.0028004863,0.00021235792
0.7775161515652739,0.07371846362948417,0.032550737,0.014450608,0.07195326052606106,0.03239477,0.014316962,152.2481147185283,7044,1760,0.0017652035399805756,0.00015596313,0.00013364595,0.19234523,0.06481161,0.1858291,0.06449784,0.0065160934,0.00031377174
0.8859062304003171,0.07976161781698465,0.029850826,0.012069777,0.0758370699360967,0.029707951,0.011891457,152.25182383235716,7084,1770,0.003924547531642021,0.00014287053,0.00017831984,0.21016401,0.058145713,0.19641829,0.057851564,0.013745726,0.0002941544
0.7139983031210653,0.1598981423303485,0.04042009,0.68070394,0.059105909429490566,0.040230803,0.012107536,152.25485398344134,7124,1780,0.10079223069478754,0.00018929332,0.6685963,0.11956128,0.057739165,0.11801087,0.057440285,0.0015504173,0.00029888627
0.8339879432846824,0.07393927350640297,0.03402463,0.019474475,0.07196120396256447,0.033858817,0.017195258,152.25679036050838,7164,1790,0.001978066579613369,0.00016581046,0.0022792185,0.14567676,0.07134074,0.14104119,0.07098037,0.0046355897,0.00036037248
0.7287991196602596,0.07846684716641902,0.036164064,0.009985641,0.07039154041558504,0.035992645,0.008901877,152.25943208025336,7204,1800,0.008075304680096452,0.00017141434,0.0010837631,0.21841924,0.055752687,0.1839739,0.055472642,0.03444536,0.00028005213
0.7391138695752839,0.06429230347275734,0.038488753,0.013995495,0.06337440125644207,0.03830853,0.013754754,152.26282423488192,7244,1810,0.0009179031374515035,0.00018021667,0.00024073732,0.12922342,0.061738186,0.12658258,0.061405033,0.002640858,0.0003331495
0.6621926250600001,0.04903120212256908,0.034829758,0.014536039,0.048525322601199156,0.034658004,0.014321268,152.26573851143303,7284,1820,0.0005058806302258744,0.0001717581,0.00021477317,0.12669252,0.04948823,0.124995746,0.04924616,0.0016967803,0.00024207227
0.8063334263600436,0.06289531216025351,0.029240513,0.013081922,0.06179134994745255,0.029090215,0.012898641,152.26852539237487,7324,1830,0.0011039641904062591,0.0001502989,0.00018327947,0.16624817,0.05796832,0.16204572,0.057664678,0.0042024883,0.00030364073
0.717626571719451,0.056935226917266844,0.025960546,0.026520846,0.0563897468149662,0.025828,0.026343498,152.2702829347765,7364,1840,0.000545480297296308,0.00013254213,0.00017734739,0.122514136,0.050515473,0.12075571,0.050266255,0.0017584246,0.00024922
0.6266768067593776,0.1818231241777539,0.027036857,0.363894,0.05040434189140796,0.02690473,0.017751245,152.27251878714128,7404,1850,0.13141877976158867,0.0001321293,0.3461427,0.16271268,0.06480966,0.15396228,0.06448152,0.008750394,0.00032814054
0.6345924217342733,0.044602646864950656,0.035126537,0.011796387,0.04404948316514491,0.03494928,0.011144624,152.27480586297878,7444,1860,0.0005531635441002436,0.0001772505,0.0006517646,0.09284937,0.053506013,0.091700286,0.05323766,0.0011490808,0.00026835012
0.7993488067403,0.19149539824575185,0.03250041,0.23112722,0.07315815053880215,0.03233875,0.013108046,152.2759383807193,7484,1870,0.11833725916367255,0.00016166217,0.21801908,0.36321515,0.059688218,0.19548564,0.05939247,0.16772953,0.0002957556
0.6915089541537609,0.06633570976555347,0.028001653,0.009405439,0.06505972519516943,0.027862087,0.0071105547,152.27725161973805,7524,1880,0.0012759852848830632,0.00013956055,0.0022948838,0.13193016,0.062757745,0.12969975,0.06243518,0.0022303928,0.00032257254
0.8932743093109556,0.07705155797302722,0.030277366,0.0111999195,0.0753418920561671,0.03012713,0.010993614,152.27975765323484,7564,1890,0.0017096634721383453,0.00015023745,0.00020630636,0.1507868,0.056926176,0.14601947,0.056637622,0.0047673057,0.00028855787
0.9735437045413161,0.08754723779857158,0.02270235,0.009879593,0.08541373740881682,0.022591105,0.009743371,152.2829404948796,7604,1900,0.0021334993834898346,0.00011124241,0.00013622092,0.1856767,0.06207127,0.1796028,0.061749965,0.0060739135,0.00032129278
0.8718191187566519,0.06987383253872395,0.031635832,0.016380765,0.06742364894598724,0.031479,0.016213564,152.28605224698498,7644,1910,0.0024501848776708355,0.0001568297,0.00016719851,0.20839636,0.053968035,0.1969758,0.0536845,0.011420584,0.0002835369
0.776794645541456,0.05959778092801571,0.036527164,0.012940476,0.05867895409464835,0.03635048,0.012726234,152.28993366363008,7684,1920,0.000918827037094161,0.00017667329,0.00021424402,0.1294002,0.053477645,0.1268156,0.053206537,0.0025845994,0.0002711116
0.7442754272344337,0.05721796620637179,0.028615605,0.013257112,0.056600591912865636,0.028466284,0.013084484,152.2931962553025,7724,1930,0.0006173763860715554,0.00014932347,0.00017262879,0.11982728,0.06330557,0.118026696,0.062995434,0.0018005827,0.00031014514
0.9256701526493886,0.09081919826567174,0.037481397,0.012587403,0.08661363162100315,0.03730203,0.012495421,152.29659173242862,7764,1940,0.004205566929886118,0.00017937191,9.198203e-05,0.20610498,0.06449773,0.19143012,0.06417929,0.0146748535,0.0003184484
0.8770661790108603,0.07700764574110508,0.019121997,0.009055603,0.07455809693783522,0.019024974,0.008891035,152.30054937271018,7804,1950,0.002449548344884534,9.702122e-05,0.00016456861,0.21899931,0.05389837,0.2097788,0.053618804,0.009220532,0.00027956313
0.8158686809194533,0.06889684796333313,0.03603826,0.015038258,0.06739736348390579,0.035857085,0.014689624,152.30334576296613,7844,1960,0.0014994837605627255,0.00018118005,0.00034863458,0.23691091,0.04786173,0.2295145,0.047625467,0.00739643,0.00023626529
0.7961740108411922,0.12614821288734673,0.04131121,0.013496314,0.08051230795681476,0.0411085,0.013329562,152.30520851069502,7884,1970,0.045635902712820114,0.00020271553,0.00016675296,0.4551376,0.04514067,0.25298566,0.044906504,0.20215197,0.00023415746
0.6671777528892118,0.046715664677321904,0.032542896,0.011507648,0.04630178716033697,0.03238143,0.011312423,152.30834301540474,7924,1980,0.00041387705859960986,0.00016146785,0.00019522569,0.11554405,0.062333595,0.11417688,0.062015716,0.0013671848,0.00031787486
0.6002540179353522,0.051648879423737526,0.029606638,0.015872777,0.051120528765022745,0.0294642,0.01566791,152.31074887607247,7964,1990,0.0005283506194246002,0.00014243906,0.00020486608,0.1091861,0.060415912,0.10781646,0.060085885,0.0013696572,0.00033002402
0.7076525473093346,0.05807328782975674,0.025367538,0.012636117,0.054671733267605306,0.02523682,0.012496719,152.31366022682127,8004,2000,0.003401552082505077,0.00013071601,0.00013939761,0.2696162,0.05179385,0.24365647,0.051522274,0.02595973,0.0002715765
0.7666256109711203,0.07352391425520181,0.025875574,0.016045248,0.06866455692797899,0.02574656,0.01586627,152.3165438599187,8044,2010,0.004859357859822921,0.00012901863,0.00017897876,0.21525395,0.053993624,0.19180274,0.053718567,0.023451196,0.00027504266
1.0269827112579826,0.15408970117568968,0.021193914,0.010346136,0.10362855065613985,0.021082293,0.010235392,152.31857724463083,8084,2020,0.05046115260338411,0.000111624104,0.00011074416,0.48596603,0.057045475,0.30293217,0.056728683,0.18303382,0.0003167925
0.7480974539100658,0.05596622228622436,0.03382827,0.01300019,0.055411861091852185,0.03365864,0.0128098065,152.3213275887735,8124,2030,0.0005543593506445176,0.0001696239,0.00019038281,0.13765399,0.047665264,0.13571703,0.047408994,0.0019369405,0.0002562648
0.6477673893041551,0.05436552800238132,0.023224913,0.008483975,0.05353842228651047,0.023113044,0.008303803,152.3247740056952,8164,2040,0.0008271069251350127,0.00011187104,0.00018017298,0.16686414,0.05004494,0.16307075,0.049793888,0.0037933683,0.0002510467
0.8094649506871945,0.07044303063303232,0.028568473,0.020546302,0.0692712415009737,0.028432153,0.01961371,152.32945796665405,8204,2050,0.0011717864988895598,0.00013631846,0.0009325924,0.1461058,0.048883677,0.14330755,0.048623376,0.002798244,0.00026029538
1.1056563511785762,0.11126200631260871,0.0306745,0.012887829,0.10531725734472275,0.030516656,0.012728344,152.33218040080766,8244,2060,0.005944746611930896,0.00015784365,0.00015948489,0.2366497,0.038473453,0.22204022,0.038289275,0.014609466,0.00018417623
0.5809955354114338,0.04573121331632137,0.03158886,0.011534431,0.04534850660711527,0.031428512,0.011396108,152.33594312199887,8284,2070,0.0003827060114417691,0.00016034486,0.0001383224,0.10991807,0.059398577,0.108651996,0.05909417,0.0012660602,0.00030441792
0.8725080063090931,0.0800363514572382,0.037596125,0.014906576,0.07751441225409508,0.037416518,0.014731325,152.3390385410754,8324,2080,0.0025219378803740256,0.00017961906,0.00017524944,0.17159502,0.06015943,0.16369951,0.05985499,0.007895554,0.00030443774
0.8698623700785517,0.06752106156200172,0.025562517,0.012308174,0.06550749130547046,0.025435505,0.012007515,152.34192870052055,8364,2090,0.0020135706989094617,0.00012701478,0.00030066044,0.16653693,0.05016393,0.16040081,0.04990513,0.0061360747,0.00025879775
0.9757929480474922,0.09466891698539256,0.03477916,0.015966069,0.09183621518313884,0.034617122,0.013122767,152.3441755041773,8404,2100,0.0028327037842245774,0.00016204262,0.0028433013,0.20222388,0.057209034,0.19605727,0.056901164,0.0061666127,0.00030786358
0.8351091012162137,0.08744200151413678,0.030078854,0.011961199,0.08096756674349309,0.029933523,0.011798261,152.34645892901332,8444,2110,0.0064744354880531315,0.0001453297,0.00016294012,0.29840717,0.057501823,0.2668824,0.05719382,0.03152482,0.00030801422
0.6796322941268466,0.0568862747400999,0.033680484,0.013391992,0.054666441120207306,0.033515193,0.013189616,152.3505028667519,8484,2120,0.0022198321865289474,0.0001652929,0.00020237805,0.3004201,0.047480524,0.28005716,0.04724567,0.020362936,0.00023485327
0.7997507227258848,0.07920772284269333,0.027210819,0.007954738,0.07267830073833467,0.027077314,0.007816463,152.35350629278963,8524,2130,0.006529423335450701,0.00013350384,0.00013827461,0.27028915,0.0387651,0.2417934,0.038573317,0.028495707,0.00019178046
0.8779639057845792,0.08988680858165027,0.033140868,0.01089469,0.08732689246535301,0.03297868,0.010623961,152.35552986944788,8564,2140,0.0025599186163162814,0.00016218967,0.0002707287,0.15606456,0.06798661,0.15039265,0.067647494,0.0056719338,0.00033910928
0.6668462539282607,0.05383422859013081,0.031155465,0.012808993,0.0525258682668209,0.03099854,0.012630512,152.3595231686768,8604,2150,0.0013083615704090334,0.00015692721,0.00017848161,0.15264562,0.05045917,0.1468911,0.05019153,0.0057545174,0.0002676431
0.7529889420088607,0.06266559362411499,0.030574717,0.01374829,0.06182085294276477,0.030424038,0.0134674525,152.3636075317915,8644,2160,0.0008447410902590491,0.00015067909,0.00028083715,0.112644605,0.05658332,0.110692404,0.056308113,0.0019522003,0.00027520297
0.6303613791272522,0.05161374621093274,0.039625548,0.010164085,0.05100083658471703,0.039435904,0.00990471,152.36684355380262,8684,2170,0.0006129097557277418,0.00018965073,0.00025937473,0.15172562,0.058325827,0.14863428,0.058008865,0.0030913302,0.00031695823
0.8280292156683378,0.06262052841484547,0.023739135,0.009020394,0.06116148829460144,0.02361301,0.008394587,152.36972308371355,8724,2180,0.001459041779162362,0.00012612429,0.0006258072,0.12675823,0.034566686,0.12362904,0.03438635,0.003129175,0.0001803373
0.983483325684465,0.0765854049474001,0.02909328,0.009343569,0.07357838395982981,0.02894985,0.009153822,152.37183362860304,8764,2190,0.0030070203676586973,0.00014343865,0.00018974661,0.23778388,0.047203895,0.22508402,0.04695879,0.012699896,0.00024511022
0.9817740867804599,0.0962917860597372,0.034052905,0.016427238,0.08919891323894262,0.03388674,0.016302636,152.37478213823636,8804,2200,0.007092873507644981,0.0001661644,0.00012460237,0.2520037,0.05070303,0.22672983,0.050449993,0.02527386,0.00025303688
0.7492745041262074,0.053909062035381795,0.034893397,0.012674547,0.05305349696427584,0.034731198,0.011506418,152.38013132511344,8844,2210,0.0008555654145311564,0.00016220058,0.0011681305,0.11814684,0.047699574,0.11618845,0.047465447,0.0019583984,0.00023412515
0.7950197846321662,0.05477407015860081,0.025328673,0.010768499,0.052340229786932466,0.025202058,0.01008574,152.38453493393487,8884,2220,0.002433840245794272,0.00012661898,0.00068276,0.22402832,0.030299002,0.21199715,0.03015763,0.012031132,0.00014137109
0.7950275969867725,0.060966595634818065,0.02983946,0.012974937,0.06018602475523949,0.029692877,0.012814866,152.38788742479372,8924,2230,0.0007805708242813124,0.00014658255,0.00016006934,0.12784486,0.04569396,0.12584135,0.045460388,0.0020035256,0.00023357796
0.7058978757571168,0.05742240250110626,0.034319315,0.014821129,0.056526573281735173,0.03415446,0.014546159,152.39085618870018,8964,2240,0.0008958289865404367,0.00016485131,0.00027496822,0.12335945,0.04701603,0.12071431,0.046773493,0.002645162,0.0002425348
0.8323285959593272,0.07248853649944066,0.025627363,0.011866553,0.07081140168011188,0.025496954,0.01174629,152.39390802280926,9004,2250,0.001677135904901661,0.00013041098,0.000120262725,0.16199896,0.054633554,0.1568594,0.054349776,0.0051395525,0.0002837847
1.2293626366629522,0.1470352191478014,0.04424526,0.009897839,0.12543705962598323,0.044022866,0.00977578,152.39741873270162,9044,2260,0.021598156556137837,0.00022239218,0.00012205867,0.37298718,0.05295479,0.3069763,0.05267876,0.06601087,0.00027602306
0.8457534833813107,0.06713517308235169,0.0266575,0.011788267,0.06583833042532204,0.026524635,0.011652288,152.40276904436593,9084,2270,0.0012968415991053918,0.0001328658,0.00013598126,0.18640473,0.055238284,0.1817309,0.054946523,0.0046738014,0.00029176395
0.737796516617775,0.06372692119330167,0.04670319,0.012379922,0.06237433087080717,0.046483938,0.01062564,152.40704563921048,9124,2280,0.0013525890179153066,0.00021925058,0.0017542844,0.14878258,0.06986286,0.14587566,0.069511496,0.0029069267,0.00035136304
0.7729099708242481,0.05403985846787691,0.028480366,0.009847306,0.05295745693147183,0.028342744,0.009536547,152.4094643010151,9164,2290,0.0010824024611792993,0.00013762014,0.00031076,0.13309686,0.041563306,0.12940909,0.041359168,0.0036877645,0.0002041282
0.8030885952238211,0.07749134823679923,0.02510672,0.012418357,0.07491491697728635,0.024984179,0.012155304,152.41262537076946,9204,2300,0.002576430815679487,0.00012254225,0.00026305235,0.17395712,0.043300074,0.1670148,0.04306724,0.006942309,0.0002328392
0.7601941627399352,0.06210612189024687,0.029848967,0.008513376,0.06087592467665673,0.029696964,0.008342586,152.41541976244653,9244,2310,0.0012301955634029583,0.00015200349,0.00017078845,0.13008025,0.052141774,0.12671177,0.051864702,0.0033684806,0.00027707353
0.7530744369348467,0.05921342577785253,0.018519353,0.013257641,0.0584307823330164,0.018417664,0.013123433,152.41942101260338,9284,2320,0.0007826439818018116,0.000101690064,0.00013420664,0.12572072,0.04930026,0.1236676,0.04905716,0.0020531402,0.00024309772
0.762370639045998,0.06834588889032603,0.03141578,0.0115297865,0.0650554671883583,0.03126359,0.010856038,152.42361620700783,9324,2330,0.0032904245730605904,0.00015218662,0.00067374983,0.22708985,0.061073236,0.21008664,0.060754202,0.017003193,0.00031902993
0.8628203094937918,0.07557883542031049,0.03618521,0.012073257,0.07203118186444044,0.03601707,0.011930063,152.42751578958203,9364,2340,0.00354765375086572,0.00016813017,0.00014319422,0.20689407,0.06168385,0.1918651,0.061362725,0.015028966,0.00032110917
0.7215607815727594,0.0535481795668602,0.023327462,0.012392834,0.05281620360910892,0.023204166,0.012202383,152.43070730376522,9404,2350,0.0007319760799873621,0.00012329385,0.00019045037,0.14846757,0.04771624,0.1455711,0.047478307,0.0028964588,0.00023794033
0.964813805704016,0.10865270420908928,0.031540785,0.01342187,0.10372634455561638,0.031382702,0.013266645,152.43216011387455,9444,2360,0.004926359972159844,0.0001580823,0.00015522237,0.25145352,0.05664908,0.23772575,0.05636128,0.013727776,0.00028779884
0.8774318935000444,0.08377139451913536,0.032268442,0.012590719,0.08034131210297346,0.03210617,0.012278865,152.43554131461204,9484,2370,0.0034300841653021052,0.0001622771,0.0003118533,0.20820898,0.050469536,0.19734664,0.050205328,0.010862362,0.00026421587
0.9843459213703456,0.08688417980447412,0.030803697,0.008883345,0.08290365133434534,0.030650781,0.008378511,152.44041074780705,9524,2380,0.003980530962144258,0.00015290739,0.0005048343,0.25293568,0.05898404,0.23786266,0.058675617,0.0150729995,0.000308424
0.7781261117871505,0.07733389027416705,0.028284086,0.013721186,0.0653320949524641,0.0281417,0.012388641,152.44379519152093,9564,2390,0.012001794528623579,0.0001423888,0.0013325466,0.21454842,0.05585039,0.16882168,0.055537973,0.045726754,0.00031242002
0.6973372527624735,0.057565667852759364,0.038146485,0.016236644,0.056616416573524474,0.037965205,0.016019449,152.4474573300519,9604,2400,0.0009492499477346426,0.0001812691,0.00021719413,0.18236499,0.051559914,0.1773189,0.051294073,0.0050460706,0.0002658327
0.8475595070948836,0.0766892137005925,0.027715484,0.009703663,0.07277925964444876,0.027580407,0.009579591,152.45167859070602,9644,2410,0.003909953698166647,0.00013507488,0.00012407222,0.1794378,0.044047195,0.1677386,0.04381838,0.011699174,0.00022881024
0.6856852954126453,0.0443756802007556,0.028328214,0.008615541,0.04347010683268309,0.02818037,0.008360814,152.45649127920885,9684,2420,0.0009055735354195349,0.00014784095,0.0002547295,0.1273906,0.049055316,0.12374916,0.048799288,0.0036414242,0.00025602774
0.7993245646461997,0.07007342949509619,0.03807914,0.014515451,0.0689034916460514,0.037898105,0.013854892,152.4607756480065,9724,2430,0.0011699376438627951,0.00018103355,0.0006605584,0.14506103,0.047768682,0.1421694,0.047527384,0.002891638,0.00024129711
0.6446086838318862,0.05466240514069796,0.024334105,0.010150539,0.053814577683806424,0.02421027,0.009945087,152.46328703983593,9764,2440,0.0008478260700940154,0.00012383095,0.00020545091,0.11739546,0.0576589,0.115057975,0.057358,0.0023374802,0.0003009021
0.7568823378793528,0.061383916251361366,0.02200948,0.010277116,0.06010141652077436,0.021894703,0.010128484,152.46617867609677,9804,2450,0.0012824999153963294,0.000114776914,0.00014863317,0.16178992,0.04771534,0.15717122,0.047476456,0.004618676,0.00023888766
0.7162029870996998,0.047040479071438324,0.028371975,0.013499555,0.046246633119881156,0.028225414,0.013340028,152.4685321034848,9844,2460,0.0007938456212286839,0.00014656154,0.00015952847,0.13754381,0.05750574,0.13257845,0.057220206,0.0049653705,0.0002855323
0.5876647388186506,0.04571362286806107,0.024869774,0.012741489,0.045010879263281824,0.02474464,0.011406156,152.4703830782865,9884,2470,0.0007027426290733275,0.00012513096,0.0013353328,0.106315255,0.06616393,0.10456514,0.0658149,0.0017500967,0.00034902705
0.8527621819953812,0.06194797828793526,0.034939006,0.011204162,0.06075602453202009,0.034773763,0.010979556,152.47458325731614,9924,2480,0.001191954407840967,0.00016524333,0.00022460695,0.17094173,0.052101567,0.16584864,0.05184369,0.0050930595,0.00025787987
0.7708216325047648,0.06159053612500429,0.03060837,0.013052768,0.0604388078674674,0.030455431,0.012901064,152.4772161629701,9964,2490,0.0011517290869960562,0.00015294121,0.00015170312,0.14351304,0.059423607,0.13982677,0.05908778,0.0036862672,0.0003358266
0.5462111435786432,0.037309640552848584,0.017298462,0.009307879,0.03696304811164736,0.017211596,0.008965074,152.48066523873214,10004,2500,0.0003465938803856261,8.686495e-05,0.00034280642,0.08838461,0.052208934,0.08738522,0.05194094,0.0009993876,0.00026798865
0.5589768212911636,0.03149094637483359,0.023853824,0.0073885936,0.03125785067677498,0.023736691,0.0072607305,152.48391175189747,10044,2510,0.00023309584648814052,0.00011713446,0.00012786331,0.07459158,0.04662581,0.073880576,0.046389014,0.0007109903,0.00023679734
0.6862218594897116,0.05563376974314451,0.022253677,0.01277654,0.05431337459012866,0.022145305,0.012642097,152.4859584135092,10084,2520,0.0013203974143834785,0.00010837521,0.00013444223,0.1492446,0.04072694,0.14391324,0.040526293,0.0053313323,0.00020064699
0.6976888707899088,0.11825015358626843,0.026703019,0.4636449,0.04926858842372895,0.026574504,0.007086967,152.48793931834257,10124,2530,0.06898156508541432,0.00012851635,0.45655802,0.103103586,0.040976435,0.10166162,0.04076953,0.0014419551,0.00020690518
0.8229726840539884,0.11689645275473594,0.027601475,0.009210415,0.07209046930074692,0.027464192,0.0090458775,152.49112257653374,10164,2540,0.04480598352529342,0.00013728366,0.00016454024,0.38065717,0.050575007,0.20198415,0.050310444,0.178673,0.0002645586
0.6725822907005925,0.12158711906522511,0.02887728,0.2653719,0.045465153269469746,0.028722402,0.013276492,152.49387401707222,10204,2550,0.0761219648469705,0.00015487938,0.2520954,0.09514432,0.0465674,0.09365788,0.04631875,0.0014864315,0.00024864136
0.7459992621182621,0.06425347998738287,0.028808344,0.008117484,0.06139517780393364,0.02866642,0.007982736,152.49658375864436,10244,2560,0.0028583018720382825,0.00014192701,0.00013474871,0.2313088,0.03974256,0.21762657,0.03954652,0.01368225,0.00019604106
0.7441152754471764,0.05678488258272409,0.025669856,0.009431874,0.054294105805456634,0.02554354,0.009258453,152.4993762471036,10284,2570,0.002490775737533113,0.00012631682,0.00017342392,0.1875813,0.04025197,0.17580873,0.040053293,0.011772566,0.00019867763
0.7765960260408675,0.05815962925553322,0.031093119,0.010978766,0.05674441438168287,0.030941645,0.010868909,152.5024571290459,10324,2580,0.001415215570887085,0.00015147409,0.00010985646,0.13282856,0.04354164,0.12811106,0.04332456,0.004717525,0.00021707836
0.7566967042786774,0.06907009016722442,0.028368816,0.009094912,0.06683203540742398,0.028229766,0.008943845,152.50561734892207,10364,2590,0.002238054930785438,0.00013904864,0.00015106589,0.17149468,0.051081993,0.16385138,0.050812412,0.0076433085,0.00026957333
0.5889554722220656,0.04482067562639713,0.020663526,0.0071114004,0.04379338454455136,0.020559603,0.0061862427,152.5093245169467,10404,2600,0.0010272909246850758,0.00010392447,0.0009251571,0.09818612,0.03412106,0.09604918,0.033944815,0.0021369224,0.00017624578
0.6816039255900233,0.052663813345134265,0.025031157,0.011348492,0.05207411218434572,0.024903817,0.011202605,152.5124739802373,10444,2610,0.0005897005859878845,0.00012733725,0.00014588602,0.11452165,0.055538017,0.11282875,0.055272408,0.0016929202,0.00026561
0.6296533963717466,0.045682735927402976,0.039682608,0.012711729,0.04505655523389578,0.039487127,0.011907687,152.5141623293851,10484,2620,0.000626180658582598,0.0001954818,0.0008040407,0.0942515,0.04526227,0.09301905,0.045021202,0.0012324397,0.00024106851
0.6534440369255754,0.049111866578459736,0.021891298,0.010109283,0.0479159064590931,0.021778598,0.0095480895,152.51641009791152,10524,2630,0.0011959587849560195,0.00011269626,0.00056119356,0.12743835,0.04685364,0.123623565,0.04660842,0.0038147822,0.0002452221
0.6906826094056833,0.05101595679298043,0.021796957,0.006509583,0.04956398410722613,0.02168483,0.006334885,152.52027421806423,10564,2640,0.001451972240465693,0.00011213106,0.00017469768,0.19823451,0.054398503,0.19071168,0.05413033,0.007522834,0.00026817614
0.759884457644538,0.062067431770265094,0.024391843,0.008914342,0.059241659194231036,0.024268465,0.00879062,152.52370522800703,10604,2650,0.0028257720608962696,0.00012338025,0.00012372294,0.21318367,0.059402287,0.19961931,0.059090436,0.013564365,0.00031184813
0.6208630550787803,0.05220437748357653,0.02256279,0.010153924,0.05144686512649059,0.022452397,0.0099013,152.5269856231993,10644,2660,0.0007575123810966034,0.00011039278,0.0002526254,0.14029245,0.059920076,0.1370784,0.05959914,0.0032140405,0.00032092532
0.8623113823595179,0.08041202351450921,0.025682999,0.012433652,0.07113454267382621,0.025554335,0.01170682,152.5290604021398,10684,2670,0.009277482041215989,0.00012866607,0.00072683435,0.23547941,0.045402188,0.19934727,0.045160245,0.036132094,0.00024196018
0.8257915276655303,0.05639337413012981,0.031112006,0.010404238,0.055477464012801646,0.03096757,0.010253211,152.53152676097105,10724,2680,0.0009159101042314433,0.00014443336,0.00015102662,0.12776385,0.04304756,0.12490985,0.042827133,0.0028540005,0.0002204257
0.8867739934154356,0.06974144838750362,0.024862265,0.012070057,0.06782424058765173,0.024738666,0.011783706,152.53482041449126,10764,2690,0.0019172089138010052,0.0001236035,0.00028634872,0.20700249,0.04304393,0.19996461,0.042827647,0.0070378557,0.00021628346
1.0351255683686182,0.09371309690177441,0.02127669,0.009133213,0.08866017293184997,0.021166498,0.008981662,152.53803030665824,10804,2700,0.005052926183270756,0.00011019055,0.00015155089,0.22536635,0.07525794,0.21023856,0.07485838,0.015127797,0.00039955883
1.0154254782920278,0.12774959057569504,0.028860996,0.012541581,0.10932030826807022,0.028719716,0.012390355,152.54314820333403,10844,2710,0.018429280009877404,0.00014128003,0.00015122413,0.35528654,0.053077765,0.29429972,0.05279602,0.060986813,0.0002817495
1.0800625476297803,0.10964947938919067,0.031214414,0.009175731,0.10438748635351658,0.031058699,0.009069181,152.54735781488233,10884,2720,0.005261995931505226,0.00015571447,0.00010655036,0.2778247,0.041012462,0.26197666,0.040798202,0.015848067,0.00021425917
0.8619265622007397,0.08352413550019265,0.027280228,0.008499478,0.07998335920274258,0.027150434,0.008364007,152.5524586518365,10924,2730,0.003540778069873341,0.0001297898,0.0001354707,0.19110335,0.04932998,0.18055677,0.049074635,0.010546563,0.00025534426
0.8556184796881369,0.07555863689631225,0.023303164,0.011089114,0.07263039033859968,0.023187649,0.010969248,152.55858993390464,10964,2740,0.002928246835654136,0.00011551616,0.000119866985,0.19525893,0.044046834,0.18582197,0.043828525,0.009436989,0.0002183062
0.7830487284221035,0.054935276694595817,0.02854311,0.008141198,0.054247068986296665,0.028391821,0.008014037,152.56356468468914,11004,2750,0.0006882084293465597,0.00015128904,0.00012716175,0.1247093,0.041088276,0.12247112,0.04088669,0.002238201,0.00020158674
0.8936402041829139,0.06403827331960202,0.031361397,0.015754621,0.06245534121990204,0.031205676,0.015600282,152.56820378913588,11044,2760,0.0015829326715902426,0.0001557252,0.00015433793,0.17060597,0.05391625,0.16424766,0.05363247,0.006358278,0.00028378385
0.7484572215069053,0.06139294281601906,0.029714523,0.010903553,0.0605131508782506,0.029557789,0.010762255,152.57532048925867,11084,2770,0.0008797934206086211,0.00015673593,0.0001412978,0.12969662,0.040061094,0.12748511,0.03986649,0.0022114972,0.00019461384
0.6034657862499399,0.039581552520394324,0.018793233,0.0134268,0.03924207333475351,0.018696634,0.013221793,152.5800486673994,11124,2780,0.000339478438399965,9.660205e-05,0.00020500795,0.08861609,0.04848545,0.08764504,0.04824016,0.0009710385,0.00024528435
0.7902315123971492,0.051990647614002225,0.032877833,0.009465422,0.05133805647492409,0.032723624,0.009305562,152.58336623377352,11164,2790,0.0006525922712171449,0.00015421445,0.00015985843,0.11763461,0.04409341,0.11572292,0.0438716,0.0019116934,0.00022180965
0.7360217745613725,0.05927905365824699,0.030261865,0.014579667,0.0575646722689271,0.030107599,0.014422386,152.5873525756324,11204,2800,0.0017143789766123517,0.00015426926,0.00015727959,0.16838956,0.043477457,0.16137764,0.04324199,0.0070118923,0.00023547698
0.9065377885524306,0.07386677730828524,0.024553884,0.013623008,0.07096050195395946,0.02443367,0.013306214,152.59011856762484,11244,2810,0.0029062744360999213,0.00012021113,0.00031679234,0.16078256,0.044202335,0.15294251,0.043981597,0.007840094,0.00022073137
0.7174548359602287,0.060886699333786966,0.028338559,0.0071770707,0.05947348587214947,0.028197452,0.007036851,152.59261200122674,11284,2820,0.001413214730564505,0.00014110973,0.00014021898,0.11864579,0.051329255,0.11493853,0.0510809,0.0037072627,0.0002483527
0.5420961052368815,0.03617906328290701,0.03219073,0.011596166,0.03583560492843389,0.032033715,0.011361373,152.59419910380055,11324,2830,0.000343457970302552,0.00015701087,0.00023479134,0.09005251,0.037911586,0.08890039,0.03772057,0.0011521236,0.00019101524
0.6647521553778485,0.10873855110257864,0.021965852,0.013545707,0.06678266897797584,0.02184934,0.013271442,152.59661947187354,11364,2840,0.041955884221533776,0.00011651282,0.00027426428,0.42714182,0.055020064,0.21826833,0.05474093,0.20887345,0.000279134
0.699802706593593,0.05037047509104014,0.033443276,0.011689888,0.04925282150506974,0.033279944,0.0112859355,152.60011223633978,11404,2850,0.001117653441906441,0.0001633259,0.0004039544,0.1544082,0.04047205,0.14928281,0.04026634,0.0051253876,0.00020572021
0.6876210592630715,0.048323295824229714,0.03334147,0.010174676,0.04746213890612126,0.033181578,0.010056604,152.6049714833414,11444,2860,0.0008611567376647144,0.00015989073,0.00011807367,0.13258149,0.044148795,0.12892543,0.043933358,0.0036560814,0.00021543672
0.712971810189921,0.05992607772350311,0.03351746,0.00912725,0.05843362957239151,0.033354953,0.009020713,152.6091505750492,11484,2870,0.00149244870262919,0.00016251244,0.00010653803,0.15573904,0.042187575,0.15025957,0.041959763,0.0054794583,0.00022781681
0.7959509480192541,0.0580766448751092,0.031969696,0.010198759,0.05618835967034102,0.031818353,0.00999084,152.61208028055702,11524,2880,0.0018882854521507393,0.00015134363,0.00020791884,0.15337756,0.04938785,0.14645423,0.049135484,0.006923324,0.00025237066
0.6682554298345722,0.03627628199756146,0.029805304,0.009015092,0.035886903665959834,0.0296602,0.008533579,152.61696280419372,11564,2890,0.0003893781191436574,0.00014510789,0.0004815108,0.08547984,0.045791555,0.084324546,0.045549024,0.0011553077,0.00024253427
0.7308040299532089,0.05308256354182959,0.022535274,0.009527438,0.0504698073491454,0.022422751,0.009343159,152.62136725302116,11604,2900,0.0026127553486730904,0.00011252376,0.0001842796,0.17614174,0.03955102,0.16370666,0.039358575,0.012435093,0.00019244818
0.7545530797618064,0.06494775246828795,0.02493774,0.015500694,0.06344302110373974,0.02481746,0.0153439585,152.62430824146776,11644,2910,0.0015047335204144475,0.000120279255,0.0001567367,0.14241743,0.034948792,0.13838574,0.03477782,0.0040317164,0.00017097274
0.7878758261397893,0.06901784138754011,0.022704456,0.009092084,0.06517750141210854,0.022592476,0.008939584,152.62739663440792,11684,2920,0.003840339238377056,0.00011198105,0.0001524992,0.19480664,0.0648276,0.17999697,0.064476885,0.014809673,0.00035072604
0.53355937227455,0.04598436877131463,0.027428085,0.012686591,0.04545259615406394,0.027297774,0.012433315,152.6300188811642,11724,2930,0.00053177266890998,0.00013031298,0.000253278,0.12228287,0.054541506,0.12050617,0.05424465,0.0017767029,0.00029684958
0.6333709701680413,0.049853214994072914,0.022635601,0.00939202,0.04934365600347518,0.02252153,0.00928235,152.632555804445,11764,2940,0.0005095592510770074,0.00011407072,0.000109672284,0.10165398,0.048603244,0.10034356,0.048338864,0.0013104117,0.0002643744
0.832273938720228,0.07528568133711816,0.025014589,0.015423648,0.07204839698970318,0.024885904,0.015286957,152.6346136911098,11804,2950,0.003237283848284278,0.00012868704,0.00013669059,0.16861778,0.0346554,0.1596434,0.034471687,0.008974375,0.00018371391
1.0414740397803264,0.11424113549292088,0.029590094,0.010558511,0.09939206745475532,0.029444387,0.010385242,152.63730063264813,11844,2960,0.014849066555325408,0.00014570446,0.0001732675,0.2808669,0.036165215,0.23873962,0.035995368,0.042127244,0.00016984498
0.8862144088394632,0.07402482125908136,0.02644749,0.014451575,0.07109468393027783,0.026308563,0.014187962,152.6399301784014,11884,2970,0.002930135917267762,0.00013892798,0.0002636131,0.23331194,0.049605507,0.22104953,0.04933648,0.01226241,0.00026902303
0.8555992091305632,0.07010518731549382,0.03973604,0.013298249,0.06809841860085725,0.039550893,0.013051954,152.64283412864495,11924,2980,0.0020067684963578363,0.00018514556,0.00024629623,0.185602,0.039074536,0.17819823,0.038875107,0.0074037467,0.00019942914
0.8720469918874545,0.0742346230894327,0.026801273,0.015055614,0.07182763852179051,0.02667316,0.01484749,152.6460858907995,11964,2990,0.0024069830629741776,0.00012811221,0.00020812271,0.17731345,0.04867892,0.16974404,0.048424244,0.0075694136,0.00025468142
0.8355543166594133,0.07126970291137695,0.026453294,0.012446696,0.06939544491469861,0.026323013,0.012182742,152.64976925961233,12004,3000,0.0018742570318863727,0.00013027969,0.00026395172,0.16448997,0.043370243,0.15916255,0.043159284,0.005327401,0.00021095944
0.6416964079884464,0.05115717388689518,0.029178027,0.010151255,0.050489305332303044,0.02903754,0.009188695,152.6539604098014,12044,3010,0.0006678693331195972,0.00014048423,0.000962561,0.1249069,0.03843945,0.123366065,0.038234558,0.0015408415,0.00020488631
0.8120032735622403,0.19675776790827512,0.030378286,0.3581552,0.06737578567117453,0.030232264,0.009092126,152.6577921027918,12084,3020,0.12938197980693072,0.0001460237,0.34906307,0.29624996,0.049073298,0.15618987,0.04879737,0.14006008,0.00027592925
0.581142016685349,0.04076350452378392,0.024031013,0.009083366,0.040295463427901274,0.023911018,0.008740543,152.66170910951695,12124,3030,0.0004680416226619854,0.00011999838,0.00034282147,0.10574058,0.021377604,0.104424916,0.021265658,0.0013156574,0.00011194463
0.77762035698302,0.059648687951266766,0.024012415,0.013095828,0.05839726850390434,0.023895405,0.012808132,152.66489244404934,12164,3040,0.0012514194706454876,0.00011701199,0.00028769445,0.12284007,0.050561387,0.119445175,0.05030799,0.0033949106,0.00025339855
0.7427027569025515,0.05432359836995602,0.03145361,0.008244547,0.05331100216135383,0.03129844,0.008126322,152.6685028721158,12204,3050,0.0010125955210241954,0.00015516931,0.00011822568,0.14422743,0.05076749,0.14067021,0.050493672,0.003557227,0.0002738293
0.7297016765454479,0.054377904720604414,0.025759168,0.0070359907,0.05253023374825716,0.025630927,0.006762121,152.67222653460823,12244,3060,0.0018476701217878142,0.00012824521,0.00027386926,0.2236904,0.04768782,0.21260883,0.047457747,0.011081578,0.00023007109
1.125879005095581,0.1219866232946515,0.021204993,0.01110976,0.10501202344894409,0.021099294,0.010881902,152.6746270191551,12284,3070,0.016974597265652844,0.00010569812,0.00022785796,0.34620368,0.039563905,0.29002473,0.03936527,0.0561789,0.00019864201
0.6489323049555162,0.0382290717214346,0.025220715,0.009075719,0.03791335392743349,0.02509677,0.008667489,152.6781411709201,12324,3080,0.0003157169820042327,0.0001239466,0.00040823087,0.07336657,0.06332071,0.07279828,0.06300328,0.0005682871,0.0003174454
0.6483037044147548,0.048994531948119396,0.02628723,0.0070911297,0.048255388904362914,0.026156928,0.0069576288,152.68104957914022,12364,3090,0.0007391415703750682,0.00013030042,0.00013350105,0.12988223,0.048647925,0.12691912,0.048390247,0.0029631173,0.00025767766
0.8462214958479424,0.07149132341146469,0.033357266,0.012177426,0.06906154993921518,0.03320243,0.0120601235,152.68350844576563,12404,3100,0.002429771718743723,0.00015482963,0.000117300624,0.2187574,0.040835533,0.20851628,0.040627897,0.010241142,0.0002076384
0.6293999507071923,0.05306247677654028,0.029889919,0.012084369,0.05236927364021541,0.029737944,0.011952193,152.68730769251079,12444,3110,0.0006932026386493816,0.00015197019,0.00013217513,0.13444172,0.0594974,0.1314581,0.059178255,0.0029836127,0.00031913313
0.7140797401911869,0.05111221931874752,0.03160234,0.010796834,0.05032338052988052,0.03144375,0.010661173,152.6911055867051,12484,3120,0.0007888375854236074,0.00015859288,0.00013566048,0.15237421,0.045988232,0.14816798,0.04575217,0.0042062313,0.00023605596
0.6697628073613892,0.04737974610179663,0.03069873,0.0068054036,0.04634821172803641,0.030550476,0.006249084,152.69502328977268,12524,3130,0.001031535313813947,0.00014825369,0.00055632065,0.16541624,0.05835931,0.15958568,0.058064256,0.005830546,0.00029506593
1.096344838764083,0.11046910174191,0.032781206,0.010801676,0.10013239271938801,0.03261397,0.01056844,152.69850704533488,12564,3140,0.010336706148518716,0.00016723404,0.0002332362,0.2891708,0.049571842,0.2552186,0.049323063,0.033952225,0.00024877174
0.7220723658611925,0.05198469646275043,0.02296462,0.01287327,0.05112702492624521,0.022839904,0.012720165,152.70357134512713,12604,3150,0.000857669829565566,0.0001247166,0.000153106,0.109590456,0.0440826,0.10713858,0.043859713,0.0024518773,0.0002228904
0.790114300063384,0.07326096221804619,0.028875206,0.014876883,0.07175941616296766,0.028728083,0.0147420205,152.70794045217662,12644,3160,0.001501545168866869,0.00014712113,0.00013486294,0.12790625,0.044590935,0.12476068,0.044377178,0.0031455483,0.00021376176
0.7386934157865797,0.06446997746825218,0.033706684,0.013731904,0.06234606187790631,0.033539068,0.013545097,152.71228713796614,12684,3170,0.0021239160661934878,0.00016761672,0.00018680695,0.22200906,0.039852552,0.21078192,0.03964078,0.011227166,0.00021177763
0.776455170900861,0.07337337890639901,0.028046142,0.011246182,0.06573531189933421,0.027908765,0.0111231925,152.7171673830865,12724,3180,0.0076380691549275065,0.00013737813,0.00012298848,0.21604241,0.0392824,0.18594791,0.039078332,0.030094508,0.00020406644
0.7562664070989408,0.0554373424500227,0.025265686,0.009452036,0.05455345679074526,0.025140127,0.0093449475,152.72223272331638,12764,3190,0.0008838857640512288,0.00012556142,0.000107086766,0.13663106,0.04811559,0.13359572,0.047860973,0.0030353647,0.0002546238
0.859156360407359,0.07308730240911246,0.016322365,0.008345829,0.06915581887587906,0.016241983,0.0082388865,152.72591145693505,12804,3200,0.003931482573534595,8.038101e-05,0.00010694277,0.19435422,0.039315756,0.18155266,0.039128225,0.012801537,0.00018752688
0.7327653210044561,0.06726260297000408,0.027515026,0.0116124805,0.06126197427511215,0.027377868,0.010422958,152.7300071730291,12844,3210,0.006000625994056463,0.00013715806,0.0011895215,0.19842622,0.05535445,0.17680886,0.055084974,0.021617386,0.00026947027
0.9488804529526889,0.06917646974325181,0.025038749,0.013445897,0.06647146865725517,0.024913236,0.012454914,152.7341519157945,12884,3220,0.0027050013944972307,0.00012551599,0.0009909837,0.15183042,0.045791462,0.14423385,0.045570053,0.0075965626,0.00022140548
0.4847335946408679,0.03643047092482448,0.0258903,0.007886813,0.03614741200581193,0.02575944,0.0077020144,152.7392746150795,12924,3230,0.0002830591016390826,0.00013086018,0.00018479864,0.10978241,0.045908757,0.10874182,0.045683302,0.0010405947,0.00022545629
0.6043554539614965,0.047159777209162715,0.030811567,0.00808856,0.04647018238902091,0.030659508,0.007910673,152.74269150214334,12964,3240,0.0006895955128129572,0.00015205372,0.00017788747,0.105050445,0.035917003,0.1031477,0.03573874,0.0019027349,0.00017826674
0.8330191700567144,0.12318675927817821,0.029480368,0.012588871,0.0798670968040824,0.02933546,0.012396603,152.74671479876167,13004,3250,0.04331966622266918,0.00014490884,0.00019226914,0.33184463,0.049592543,0.18790561,0.04934061,0.14393899,0.00025192503
0.7800706245063124,0.057588822767138476,0.026226647,0.0071419496,0.056358388625085354,0.026086863,0.0070366473,152.75028108674869,13044,3260,0.0012304353993386032,0.0001397886,0.000105302555,0.19222876,0.034141403,0.18663032,0.033978373,0.005598449,0.00016303618
0.7986477025261843,0.2023779023438692,0.026039453,0.5643041,0.07517505437135698,0.025911273,0.007496922,152.75419949677865,13084,3270,0.12720284216338767,0.0001281777,0.5568073,0.1836377,0.0420773,0.17796943,0.04186371,0.0056682606,0.00021358446
0.720025737323609,0.06556559056043625,0.036737233,0.013223331,0.06418894045054913,0.036566973,0.01307426,152.75888001300913,13124,3280,0.001376652940234635,0.0001702589,0.00014907192,0.15472218,0.050659854,0.14934263,0.050391063,0.0053795697,0.00026878546
0.7915566723658002,0.0520053481683135,0.03722933,0.006757443,0.04901718888431787,0.037052006,0.0066082217,152.76275802177847,13164,3290,0.0029881601454690102,0.00017732629,0.00014922043,0.20237634,0.036920443,0.18341717,0.036734134,0.018959155,0.00018630554
0.8865077857023014,0.11413711197674276,0.017766573,0.012107111,0.07280565220862628,0.017677786,0.01197013,152.76627699674188,13204,3300,0.041331457989872436,8.878607e-05,0.00013698307,0.3176521,0.06325932,0.18027274,0.06292915,0.13737936,0.00033017158
0.7358315805801979,0.05488384831696749,0.026549548,0.0073721907,0.05427660644054413,0.026417192,0.0073076827,152.76928299096912,13244,3310,0.0006072416304959916,0.00013235619,6.450761e-05,0.10436848,0.049570747,0.10275249,0.049316447,0.0016159908,0.000254289
0.6495054885984565,0.047437892947345975,0.022304196,0.010994595,0.04683326054364442,0.022184024,0.01088593,152.7729200132535,13284,3320,0.0006046332775440532,0.00012016957,0.00010866334,0.11338156,0.042835493,0.11125734,0.04261206,0.002124221,0.00022342955
0.7297588753708013,0.05184683594852686,0.015646178,0.012785123,0.04882446303963661,0.015562544,0.012259414,152.77644281360256,13324,3330,0.003022372551640728,8.363265e-05,0.0005257076,0.17678845,0.03838673,0.16303465,0.0381792,0.013753802,0.00020752623
0.6256183798631131,0.04216637136414647,0.020904332,0.009222325,0.041656671371310953,0.020803684,0.00908773,152.77933014809543,13364,3340,0.0005096982349641621,0.00010064599,0.0001345937,0.09818058,0.049009785,0.096632674,0.04875578,0.0015479082,0.00025400738
0.655270932716816,0.045699135027825834,0.019717868,0.0064413683,0.044977604597806926,0.019615898,0.0063489424,152.7833300043838,13404,3350,0.000721529468864901,0.00010196874,9.242594e-05,0.11026488,0.040823612,0.10779874,0.040619433,0.0024661515,0.00020417587
0.8226700064722191,0.06438663844019175,0.032672983,0.010646299,0.06332712359726429,0.03251779,0.010410324,152.78607054186136,13444,3360,0.0010595156127237715,0.00015518922,0.00023597581,0.1306898,0.057326104,0.12768914,0.05702472,0.003000652,0.0003013889
0.8669595483557119,0.1273451719433069,0.023279123,0.26473022,0.06624972596764565,0.02316033,0.008011432,152.78860403020028,13484,3370,0.06109544228675076,0.000118797274,0.25671875,0.17535138,0.049678057,0.16359702,0.049419716,0.0117543815,0.00025833896
0.803551111660248,0.056204872019588945,0.029744467,0.009949619,0.05546450857073069,0.02960319,0.0098199295,152.79325928833757,13524,3380,0.0007403634692309425,0.0001412787,0.00012968926,0.10139862,0.045444194,0.09980305,0.045187127,0.0015955778,0.00025706418
0.7622088123984233,0.056773832533508525,0.028852828,0.01269753,0.054779288545250895,0.028705072,0.012492287,152.79685281050078,13564,3390,0.0019945444873883393,0.00014775514,0.00020524263,0.18415654,0.03643884,0.1749067,0.036250517,0.009249826,0.00018832732
0.5996485459143543,0.03969301832839847,0.029259663,0.008804271,0.03893670453689993,0.029121686,0.008685823,152.80004021306763,13604,3400,0.0007563149461930152,0.00013798138,0.000118448836,0.10247702,0.0504836,0.09963134,0.050206423,0.0028456945,0.0002771773
0.7723230378521722,0.0700760355219245,0.023659473,0.007906555,0.06273342631757259,0.023539145,0.007585252,152.8042288461155,13644,3410,0.0073426126764388755,0.000120329336,0.0003213046,0.1712546,0.033622194,0.14908047,0.033454046,0.022174181,0.00016814528
0.9050843398015703,0.07170132435858248,0.02378181,0.008161038,0.06950688175857067,0.02366257,0.008007732,152.80873900104703,13684,3420,0.002194442228937987,0.00011923998,0.00015330478,0.18149927,0.046815775,0.17401445,0.04657655,0.007484848,0.000239227
0.5027818149550808,0.03740693228319287,0.024365911,0.010023812,0.03673389963805676,0.024241159,0.008717664,152.81444327356317,13724,3430,0.0006730321634677238,0.00012475443,0.0013061482,0.06929958,0.05736235,0.06872129,0.0570773,0.00057828694,0.00028505732
0.7356224482002407,0.06575833763927222,0.02871099,0.0102797495,0.06405485663563014,0.028576668,0.01012221,152.82023842199393,13764,3440,0.0017034798307577147,0.00013431929,0.00015753851,0.1736598,0.046924934,0.16793174,0.04669208,0.0057280767,0.00023285307
0.6145608458403409,0.048172667995095245,0.019109953,0.01083488,0.0476095424965024,0.019010054,0.0107235415,152.8244898925431,13804,3450,0.000563125683402177,9.9897596e-05,0.00011133878,0.098043546,0.049146596,0.09641984,0.048907053,0.0016236976,0.00023954704
0.8386866081385722,0.08177165519446133,0.02533751,0.005970116,0.07915320340543984,0.025198072,0.005885843,152.82916971071378,13844,3460,0.002618451511079911,0.00013943693,8.427311e-05,0.15823263,0.05235836,0.15194044,0.0520929,0.006292177,0.00026546934
0.579789345782619,0.13677194425836206,0.023345588,0.25900394,0.047461210191249846,0.023222405,0.0061725243,152.8333375039887,13884,3470,0.0893107395757397,0.00012318061,0.25283137,0.1241435,0.03947816,0.12139003,0.039273225,0.0027534591,0.00020493129
0.7729713972870906,0.08027610294520855,0.021889135,0.010270093,0.06620991341769696,0.021776624,0.010045289,152.836816952228,13924,3480,0.014066190615994857,0.00011251254,0.00022480401,0.21719043,0.053998988,0.16652098,0.05371808,0.050669447,0.00028090182
0.6144360408350132,0.04093478936702013,0.02059827,0.010571977,0.040214871428906916,0.020493627,0.010356922,152.83896725941713,13964,3490,0.0007199171064712574,0.000104646024,0.00021505379,0.10546402,0.040593058,0.10285729,0.040378697,0.0026067165,0.0002143613
0.6352192569697932,0.05016048876568674,0.023322325,0.009480641,0.04796535689383745,0.023204183,0.009356678,152.8417705762281,14004,3500,0.0021951350769086274,0.000118141776,0.00012396184,0.18067546,0.037137806,0.16879368,0.03695324,0.011881807,0.00018456497
0.6359101814702124,0.051149865612387664,0.013637511,0.013834158,0.050686525367200384,0.01356694,0.013701616,152.84583950557425,14044,3510,0.00046334193539223636,7.057191e-05,0.00013254187,0.089868456,0.052863978,0.088886574,0.052575734,0.0009819011,0.00028825033
0.7031109040044635,0.037880959361791616,0.019625943,0.008034698,0.037520629446953536,0.019531926,0.007855885,152.84914901193642,14084,3520,0.0003603307064622642,9.401512e-05,0.00017881325,0.100583084,0.03792812,0.09925293,0.037739735,0.0013301569,0.00018838988
0.7663583473195675,0.05769735556095838,0.02916006,0.010205527,0.05648748390376568,0.029012308,0.008873004,152.8519283141576,14124,3530,0.0012098725375835784,0.00014775422,0.0013325242,0.104497574,0.04311971,0.10248453,0.04288393,0.0020130558,0.00023577722
0.625524168303142,0.05355743430554867,0.026278757,0.0112062385,0.052566051296889786,0.026150513,0.011077826,152.85511941435468,14164,3540,0.0009913817324559205,0.00012824408,0.00012841455,0.12518258,0.043012876,0.12201371,0.04278676,0.0031688644,0.00022611996
0.9901076534809601,0.0935971568338573,0.024163147,0.011602618,0.08803886827081442,0.024043225,0.011358207,152.8588099427527,14204,3550,0.0055582870176294815,0.000119921744,0.00024440963,0.24335273,0.025481483,0.22657005,0.025357591,0.016782656,0.00012388766
0.6879906847854829,0.04825156610459089,0.029095765,0.011145991,0.0476958816871047,0.028956562,0.011033064,152.86379102683708,14244,3560,0.0005556864154641516,0.00013920218,0.00011292856,0.10880158,0.040979568,0.107038364,0.04078076,0.0017632153,0.0001988112
0.6698997033452704,0.04994663912802934,0.01900884,0.010646546,0.04902752693742514,0.018915726,0.010455378,152.8697177392558,14284,3570,0.0009191133256535977,9.3114126e-05,0.00019116825,0.1213478,0.034823425,0.11866672,0.034653842,0.0026810735,0.00016957615
0.6530440634160598,0.041919834446161985,0.034505587,0.01302045,0.041540408134460444,0.034323916,0.012810003,152.87286918661636,14324,3580,0.00037942670023767273,0.00018167456,0.00021044513,0.08765103,0.03737273,0.08672102,0.037180882,0.0009300241,0.00019184257
0.697664066759385,0.042641675285995,0.030972159,0.008346552,0.04187899995595217,0.030822206,0.008163155,152.87788725962173,14364,3590,0.0007626750411873218,0.00014995603,0.00018339783,0.11739767,0.036181472,0.114267506,0.03600198,0.0031301551,0.00017949642
0.5837488004820053,0.042242695577442646,0.02684436,0.011898542,0.04162797462195158,0.026702201,0.011772899,152.88191341357282,14404,3600,0.0006147217674879358,0.00014215584,0.00012564067,0.11056437,0.04776869,0.107843645,0.047521442,0.002720715,0.00024724606
0.8679807774880933,0.057167109288275245,0.037466615,0.009367391,0.056108347699046136,0.03728271,0.0090550985,152.88545098998242,14444,3610,0.00105876086599892,0.00018390668,0.00031229263,0.12850364,0.04534688,0.124988265,0.04511278,0.0035153623,0.00023410056
0.6944490969066882,0.05564198046922684,0.02389893,0.009900271,0.05368893947452307,0.023774423,0.009802505,152.88777786341973,14484,3620,0.0019530421282979663,0.00012450843,9.776592e-05,0.14652197,0.058708638,0.13842726,0.058408447,0.008094738,0.00030020223
0.761738433371061,0.06329556722193955,0.027887456,0.0070140753,0.0606593756005168,0.027738804,0.0069070207,152.89065290839937,14524,3630,0.0026361932686995715,0.0001486527,0.00010705489,0.15265007,0.048867803,0.14267233,0.04862267,0.00997771,0.00024514235
0.8125204445983398,0.05692937960848212,0.024691833,0.011312667,0.055698014236986636,0.024569584,0.0111335125,152.894380268659,14564,3640,0.00123136615002295,0.00012224994,0.00017915497,0.11485608,0.057486173,0.11123551,0.057176664,0.0036205768,0.00030950818
0.8890451328753081,0.07511309832334519,0.02885845,0.00723572,0.0730482243001461,0.028711282,0.00709087,152.89780838532516,14604,3650,0.0020648724806960673,0.00014716708,0.00014484969,0.15174508,0.051169857,0.14656164,0.050903965,0.0051834416,0.00026589556
0.6892548750382511,0.04872991964221001,0.025109537,0.011350376,0.047216422855854034,0.024977928,0.011158659,152.900284039442,14644,3660,0.0015134961824514904,0.00013160864,0.00019171613,0.13971315,0.046164803,0.13194597,0.045921072,0.0077671907,0.00024373933
0.7055237595683762,0.1001489539630711,0.015474644,0.00792724,0.05637524388730526,0.0154001545,0.007692873,152.9022555259554,14684,3670,0.04377371383525316,7.448927e-05,0.00023436666,0.3647889,0.039983734,0.17084326,0.03979157,0.19394565,0.0001921649
0.7751763055260757,0.05975340269505977,0.026419349,0.008958616,0.05700924564152956,0.026289448,0.008822622,152.9065553113606,14724,3680,0.002744156996777747,0.00012990425,0.0001359932,0.1713652,0.04748628,0.1597032,0.0472648,0.011661994,0.00022147805
0.9354129515648913,0.08648897185921668,0.028902544,0.012132265,0.08310074172914028,0.0287651,0.011989681,152.911184361944,14764,3690,0.0033882321542478165,0.00013744461,0.00014258327,0.21417503,0.046765022,0.20331371,0.046518903,0.010861296,0.00024612554
0.6871631994082343,0.0990280145779252,0.020812538,0.19141187,0.04699842836707831,0.020707741,0.0067568114,152.91660586709307,14804,3700,0.052029586803837444,0.000104796374,0.18465506,0.20737496,0.04536748,0.19822297,0.045131724,0.009152011,0.00023576687
0.5325528810877832,0.03585616517812014,0.01993238,0.008369559,0.03551757661625743,0.019830441,0.008268086,152.92172009412027,14844,3710,0.00033858828464872204,0.00010193828,0.000101473815,0.07770119,0.040348466,0.076742046,0.04013427,0.00095914886,0.00021419744
0.9875862025832098,0.13480723071843384,0.02164145,0.010529296,0.0876644952222705,0.021532916,0.010223784,152.9251321730702,14884,3720,0.047142736637033535,0.00010853322,0.00030551024,0.38672087,0.05651947,0.23015322,0.056223996,0.1565676,0.00029548083
0.6502838177936422,0.041416799090802675,0.033223297,0.008386471,0.04082664381712675,0.033055738,0.008125133,152.92961725042971,14924,3730,0.0005901544514927082,0.0001675616,0.0002613377,0.10784303,0.047464564,0.10585218,0.047206227,0.0019908552,0.00025833354
0.8835107350001548,0.082704889588058,0.029518886,0.0075563868,0.07937379274517298,0.029373363,0.0073183025,152.9340623910011,14964,3740,0.0033310983941191807,0.00014551985,0.00023808426,0.23238954,0.036024608,0.2207569,0.035849623,0.01163266,0.00017498246
0.7697249110168687,0.06651341579854488,0.022181852,0.011927428,0.06510697957128286,0.022060417,0.011787844,152.9388547960294,15004,3750,0.0014064373797737064,0.00012143666,0.00013958328,0.1357582,0.056617282,0.13206528,0.056341305,0.003692891,0.00027597995
0.688227126647432,0.14409026056528093,0.023593761,0.24018346,0.05076968576759099,0.023485178,0.009948087,152.94292097381094,15044,3760,0.09332057681749574,0.000108584325,0.23023544,0.14974637,0.050147835,0.14407448,0.049889743,0.00567189,0.00025809841
0.832859925022894,0.07240444384515285,0.02528982,0.013523078,0.0695864198729396,0.025166463,0.013382789,152.94603755232708,15084,3770,0.0028180251407320606,0.00012335465,0.00014028914,0.17330205,0.040872302,0.16429693,0.040666625,0.00900512,0.00020567534
0.7464315709928183,0.06343402154743671,0.023726653,0.009887527,0.06155277378857136,0.023597397,0.009739008,152.95014709328046,15124,3780,0.0018812487905961457,0.0001292571,0.00014851944,0.14804344,0.046418376,0.1416826,0.046189293,0.0063608335,0.00022907762
0.6769479602690788,0.05437236921861768,0.020186087,0.0087676905,0.04999277433380485,0.020081148,0.008347937,152.9556320032877,15164,3790,0.004379593863995979,0.00010493826,0.00041975456,0.1895176,0.040638853,0.16873492,0.040440388,0.020782717,0.00019846685
0.6435669765715475,0.04349940028041601,0.031520803,0.013690679,0.04307288564741612,0.031369004,0.013496286,152.9596100465995,15204,3800,0.00042651484109228476,0.00015180898,0.00019439404,0.10853923,0.04853908,0.107011266,0.048276436,0.0015279669,0.0002626456
0.7376348120064091,0.05379607873037457,0.025237331,0.009163216,0.05291645666584373,0.025101192,0.009037346,152.96167001253406,15244,3810,0.000879621361673344,0.00013613566,0.00012587063,0.10636221,0.051058855,0.10402466,0.05078788,0.0023375396,0.00027097636
0.6682079511633692,0.04082091022282838,0.024517857,0.0109706735,0.040353124029934406,0.02439646,0.0108494405,152.96466048071082,15284,3820,0.00046778664254816256,0.0001213981,0.00012123561,0.07960779,0.038564246,0.07830085,0.038368702,0.0013069628,0.00019554615
0.5492151794391491,0.0914330407977104,0.017305136,0.20721962,0.03170015998184681,0.01722079,0.009066381,152.96914421595926,15324,3830,0.05973288518143819,8.434799e-05,0.19815326,0.07528384,0.035031054,0.07433803,0.034863353,0.00094580045,0.00016770294
0.7152226141551037,0.04256572425365448,0.028694898,0.012391921,0.041804487165063624,0.02855728,0.01205054,152.97275884900785,15364,3840,0.0007612370740389451,0.00013761543,0.00034138127,0.13210201,0.027247865,0.12925462,0.027109455,0.0028473968,0.00013841079
0.5921159981658249,0.03394564613699913,0.017301848,0.009747366,0.03359789913520217,0.01720832,0.009602223,152.97601266861747,15404,3850,0.0003477454374660738,9.352818e-05,0.00014514421,0.09656269,0.034253735,0.09521181,0.034082834,0.0013508736,0.00017090216
0.7768272203445545,0.05959045588970184,0.017664667,0.0118812695,0.058296974003314975,0.017576564,0.011658249,152.97887717443405,15444,3860,0.0012934826430864633,8.81013e-05,0.00022302114,0.11131242,0.04050973,0.1084972,0.04031494,0.0028152112,0.00019478514
0.9436227704351919,0.12800393048673872,0.020192737,0.007779497,0.08477070983499288,0.02009423,0.007676754,152.9831157394253,15484,3870,0.043233217403758316,9.8504504e-05,0.00010274399,0.35017303,0.036995642,0.21741153,0.0368056,0.13276145,0.00019003876
1.0186560475048958,0.10126853808760643,0.028787328,0.010159307,0.09104908835142851,0.028644957,0.010037359,152.98847602228676,15524,3880,0.01021945101383608,0.00014237128,0.00012194901,0.25462276,0.045417115,0.22351709,0.045189824,0.031105684,0.00022729278
0.6269590228086955,0.04659862108528613,0.024826575,0.011299066,0.04548149425536394,0.024705265,0.0111743845,152.99407482551845,15564,3890,0.0011171252437634394,0.0001213129,0.00012468139,0.15566066,0.035796694,0.14991911,0.03560959,0.005741555,0.00018709715
0.8784066952881315,0.0862821969203651,0.01832477,0.0076992563,0.07736317450180649,0.018232388,0.007591891,153.00035228343836,15604,3900,0.008919019256427416,9.238264e-05,0.000107364445,0.25959036,0.033262752,0.22747152,0.033104915,0.032118842,0.00015784224
0.8012224933374922,0.06626556850969792,0.03111678,0.011457123,0.06429477222263814,0.030965293,0.010372297,153.00674565755324,15644,3910,0.0019707954401383177,0.00015148739,0.0010848272,0.13816543,0.041354693,0.13283554,0.04113177,0.0053299353,0.00022292438
0.6033695748049611,0.04428775440901518,0.01891022,0.011256872,0.04352285247296095,0.018813577,0.008868687,153.01235130052976,15684,3920,0.000764901892398484,9.664274e-05,0.0023881847,0.093046695,0.04516309,0.09172934,0.04493347,0.0013173551,0.00022962296
0.4907738346080348,0.024414270371198653,0.020980308,0.009871111,0.024236648902297025,0.02087575,0.009749738,153.0201279380586,15724,3930,0.00017762174320523627,0.000104561004,0.000121372184,0.071054414,0.054862574,0.07022369,0.05459122,0.0008307283,0.00027134587
0.6059923156479026,0.044395489431917665,0.024008429,0.011945388,0.04387209750711918,0.02388926,0.011833195,153.02438101537984,15764,3940,0.0005233929550740868,0.000119173674,0.00011219296,0.11330944,0.043133736,0.1110841,0.0429158,0.0022253369,0.00021793858
0.6191471661258552,0.03328681532293558,0.027481187,0.012450279,0.033018434979021544,0.027342636,0.012198081,153.02714913563906,15804,3950,0.0002683787446585484,0.00013854854,0.00025219694,0.056555536,0.031635903,0.05586904,0.03148394,0.00068649754,0.00015195814
0.6421590318208271,0.04571703132241964,0.024346624,0.007899641,0.04498262032866478,0.024230532,0.007752369,153.0299407363277,15844,3960,0.0007344103200011886,0.00011609179,0.00014727228,0.10665834,0.04430721,0.104413584,0.04409322,0.0022447414,0.00021398824
0.7551431813523637,0.04985506311058998,0.021413427,0.013716534,0.04929505232721567,0.021311015,0.01360046,153.03212584924245,15884,3970,0.0005600118478469086,0.000102409176,0.00011607223,0.09056788,0.054772623,0.08919373,0.054485533,0.001374155,0.00028708772
0.6096337379634353,0.04969115303829312,0.02969618,0.008270639,0.04884471371769906,0.029546818,0.008139034,153.0350806362618,15924,3980,0.0008464403166726697,0.00014936185,0.00013160512,0.12459239,0.044240583,0.12142465,0.044009827,0.0031677517,0.00023074335
0.5025041937016307,0.027922823745757337,0.018051047,0.006416918,0.027671493124216795,0.01796501,0.006262115,153.03738652107953,15964,3990,0.0002513315288524609,8.6037144e-05,0.00015480258,0.084604554,0.031567004,0.08366508,0.031414375,0.00093948044,0.0001526303
0.6689400578264971,0.04642521943897009,0.024730137,0.00683582,0.04507897906005382,0.024609251,0.0067166043,153.04052619730555,16004,4000,0.0013462408212944863,0.00012088431,0.00011921542,0.12609945,0.03644682,0.120626695,0.036259335,0.005472752,0.00018748501
0.6828787522552396,0.04988318271934986,0.026754549,0.010255724,0.048788708075881,0.026622405,0.010038687,153.0441191687089,16044,4010,0.001094474109413568,0.00013214082,0.0002170383,0.121255055,0.028958373,0.11769813,0.028808497,0.003556893,0.00014987533
0.5920105096611659,0.04049140596762299,0.018764645,0.010458173,0.03990523973479867,0.018671121,0.010342051,153.04868009111792,16084,4020,0.0005861653662577737,9.352349e-05,0.00011612062,0.13005523,0.044474687,0.12704262,0.044240426,0.0030126225,0.00023425641
0.6439211907858691,0.04763758853077889,0.0244033,0.0119287195,0.04655382540076971,0.024278423,0.011767242,153.05169664557513,16124,4030,0.0010837633744813504,0.00012487354,0.00016147821,0.09265701,0.040266164,0.08986521,0.04005331,0.0027918064,0.00021285744
0.7990944522130157,0.05251747500151396,0.023944777,0.011065508,0.05123321451246738,0.023828333,0.010953903,153.05554201908004,16164,4040,0.0012842597629060036,0.000116443436,0.00011160409,0.12662987,0.036868818,0.12233398,0.036680825,0.004295901,0.00018799011
0.5639774665275855,0.03516586851328611,0.01785001,0.006858023,0.03466521818190813,0.017759949,0.006672455,153.05880313319778,16204,4050,0.0005006505867640954,9.006139e-05,0.00018556727,0.10080177,0.03695179,0.09893519,0.03675397,0.0018665828,0.00019781908
0.609660445733845,0.03949041366577149,0.024163743,0.008646787,0.03908744808286428,0.024048962,0.00851435,153.06197193086507,16244,4060,0.000402966948604444,0.00011478427,0.00013243871,0.08160187,0.04897435,0.080563314,0.048719704,0.0010385354,0.00025464472
0.6025744318504174,0.03242631442844868,0.019607162,0.008333872,0.03202423295006156,0.019503465,0.0082158055,153.06400496071694,16284,4070,0.0004020814078103285,0.00010369792,0.00011806591,0.13324346,0.04110721,0.1304361,0.040898144,0.0028073525,0.00020906527
0.5921550995530661,0.04271692074835301,0.024867563,0.011194614,0.04184547588229179,0.0247435,0.011051934,153.06697725823312,16324,4080,0.0008714427400263958,0.00012406308,0.00014267805,0.11970046,0.026680999,0.11628903,0.026539605,0.0034114458,0.00014139297
0.7480673152877196,0.0507440412417054,0.024181804,0.00928366,0.04952025171369314,0.024062326,0.009158477,153.07039433665463,16364,4090,0.0012237887902301738,0.00011947366,0.0001251827,0.14405635,0.047268488,0.13856739,0.047018267,0.005488961,0.0002502231
0.8027440234828596,0.06925283409655093,0.021640673,0.010803978,0.06713254731148481,0.021527937,0.0106249815,153.07449185327005,16404,4100,0.0021202833799179644,0.00011273651,0.0001789975,0.144872,0.04483199,0.13914505,0.044606626,0.005726953,0.00022537507
0.7483597056377751,0.05651191789656878,0.023451736,0.010714476,0.05509891305118799,0.023341162,0.010604078,153.08134357546015,16444,4110,0.0014130042334727477,0.00011057193,0.00011039896,0.1304771,0.04343355,0.12575363,0.043218587,0.0047234474,0.00021497365
0.6757547810863842,0.04696592073887586,0.019878093,0.0091220895,0.04618769586086273,0.019775232,0.008982711,153.08628837175132,16484,4120,0.0007782256128848529,0.00010286117,0.00013937865,0.11889628,0.050113413,0.11625412,0.049836293,0.0026421717,0.00027711596
0.6825537309397691,0.05616519525647164,0.029626634,0.012901543,0.05557831674814225,0.029474495,0.012779245,153.0903501298631,16524,4130,0.0005868789652595296,0.0001521386,0.00012229724,0.08500148,0.059310738,0.083918646,0.05900139,0.0010828484,0.00030934738
0.543330240840463,0.029094381164759396,0.019268239,0.009109322,0.02870904067531228,0.019170372,0.009012894,153.09399645955045,16564,4140,0.00038534085178980603,9.786717e-05,9.6428375e-05,0.06137425,0.04407103,0.059959095,0.043850575,0.0014151663,0.00022045437
0.587676821877258,0.03639522828161716,0.01973689,0.011395972,0.03611417021602393,0.01963007,0.011286748,153.09673578901464,16604,4150,0.0002810575424518902,0.00010681915,0.00010922407,0.08111723,0.04220333,0.0803221,0.041986562,0.0007951197,0.0002167778
0.6129338720002787,0.05593321528285742,0.02644545,0.008764754,0.052093908283859486,0.026314417,0.008027484,153.09965034569058,16644,4160,0.0038393061928218234,0.00013103636,0.00073727034,0.13915756,0.024458498,0.12711304,0.02433993,0.012044533,0.00011856794
0.6180143916486043,0.06945010656490923,0.025938893,0.007531096,0.05632373131811619,0.0258057,0.00727639,153.10363891705367,16684,4170,0.013126377329899696,0.00013319285,0.00025470587,0.23735078,0.041898914,0.17242855,0.041697133,0.06492224,0.00020178515
0.6180937117595193,0.04619780704379081,0.015811922,0.007088584,0.04523766506463289,0.01573306,0.006972715,153.10810530337264,16724,4180,0.0009601408572052605,7.886122e-05,0.00011586735,0.13434091,0.039637182,0.1305524,0.03943257,0.0037885117,0.00020461122
0.7634488953273134,0.04803580418229103,0.01895043,0.0098282,0.04705681102350354,0.018848693,0.009612475,153.11235576424642,16764,4190,0.0009789918680326083,0.00010173408,0.00021572488,0.096054554,0.053687777,0.09343374,0.05339801,0.0026208214,0.00028977072
0.6049659592927065,0.04197708088904619,0.0141747985,0.008220154,0.04134311657398939,0.014107761,0.0080979215,153.1163668020978,16804,4200,0.0006339625084365253,6.7037625e-05,0.0001222296,0.116366334,0.03989338,0.11377096,0.039694674,0.0025953623,0.00019870084
0.5513966555477967,0.03453517369925976,0.023696244,0.0080737695,0.03413249654695392,0.023574669,0.007932526,153.12033867342478,16844,4210,0.0004026779606647324,0.000121574056,0.00014124392,0.076190494,0.03855411,0.07492438,0.038361818,0.001266112,0.00019230187
0.9227502731296993,0.07122836727648973,0.024665873,0.0106341895,0.06774948388338088,0.024544984,0.010527885,153.12306328570554,16884,4220,0.0034788816032232718,0.00012088623,0.00010630612,0.17782097,0.034904234,0.16655722,0.034724377,0.011263733,0.0001798626
0.5492681229109078,0.036281867418438196,0.026525214,0.007997123,0.035978873167186974,0.026392505,0.007873397,153.1261847456464,16924,4230,0.000302995259698946,0.00013270995,0.00012372537,0.08776119,0.04221894,0.08685754,0.042001702,0.0009036457,0.000217235
0.7016305546613242,0.09893761537969112,0.01730262,0.013440493,0.05662750881165266,0.017213017,0.013308681,153.1314748837485,16964,4240,0.042310102689225464,8.960135e-05,0.00013181259,0.2962642,0.035116613,0.1427831,0.034939785,0.15348107,0.00017683551
0.6968961617423625,0.056205267831683156,0.015732566,0.009200321,0.054188722558319566,0.015650729,0.009033756,153.13600765262194,17004,4250,0.002016544481739402,8.183986e-05,0.0001665647,0.19013655,0.03846572,0.1806948,0.038262557,0.009441737,0.0002031496
0.743780485085105,0.060701061971485615,0.019238925,0.007181563,0.0595262655057013,0.019136783,0.006783602,153.14040336962069,17044,4260,0.0011747975324396974,0.00010213999,0.0003979615,0.13857476,0.03644101,0.13568191,0.036255732,0.002892873,0.00018528342
0.8023587400065415,0.05671293754130602,0.023346469,0.009039995,0.05497742146253586,0.023229482,0.0088997595,153.1440755066775,17084,4270,0.0017355181305902078,0.000116990785,0.00014023516,0.17834641,0.04561381,0.17112768,0.045387544,0.007218747,0.00022626139
0.7143032365357148,0.04814430940896273,0.020945575,0.008899418,0.04665499106049537,0.020840703,0.008781359,153.14685052465774,17124,4280,0.0014893197112542114,0.00010487249,0.0001180581,0.1527361,0.040504955,0.14494757,0.040294804,0.007788491,0.00021015065
0.6420543240646404,0.036429723165929316,0.026669983,0.009790668,0.03592989537864923,0.026541462,0.009628647,153.14943075144757,17164,4290,0.0004998278061975726,0.00012852025,0.00016202166,0.10270509,0.033534788,0.1002575,0.03336608,0.0024475914,0.00016871105
0.7289981918736361,0.06290730210021139,0.019312605,0.011036717,0.06026573553681374,0.019212916,0.010889202,153.15293543856166,17204,4300,0.002641566989768762,9.968837e-05,0.00014751486,0.14189139,0.031049088,0.13458724,0.030895635,0.007304148,0.00015345162
0.6794039707480505,0.06039747139438987,0.023992535,0.012728882,0.05723489671945572,0.023871062,0.012420672,153.15674165674113,17244,4310,0.0031625744581106115,0.00012147269,0.00030820904,0.15724471,0.032337666,0.1462563,0.03217735,0.010988397,0.00016031697
0.7455197011533676,0.07509822575375438,0.020605255,0.009663957,0.06641784561797975,0.020497264,0.009481722,153.1626420430815,17284,4320,0.00868037910113344,0.00010799325,0.00018223557,0.21845736,0.03191826,0.18729003,0.03174647,0.031167364,0.0001717971
0.7873833782353862,0.06312938593327999,0.02145768,0.0077149523,0.061876427754759794,0.02134362,0.007223614,153.1673341263422,17324,4330,0.0012529560262919401,0.00011405934,0.00049133855,0.12930553,0.061555237,0.12627587,0.061249465,0.003029655,0.00030577526
0.727441993462503,0.05769111271947622,0.02605307,0.008419936,0.05566210336983204,0.02593074,0.008047471,153.17203149947215,17364,4340,0.002029008506360697,0.000122328,0.00037246346,0.23368928,0.043874517,0.22143099,0.043665808,0.012258282,0.00020870441
0.7519456097146215,0.05414735600352287,0.018304393,0.011094916,0.05289161037653685,0.018210107,0.010983823,153.1761776405327,17404,4350,0.001255743906949647,9.4285766e-05,0.00011109132,0.14899012,0.03471785,0.14438152,0.034537904,0.004608602,0.00017993936
0.5973068628356182,0.038495526835322376,0.031546194,0.012494846,0.03811604864895343,0.031391438,0.012310511,153.17980952663376,17444,4360,0.0003794788441155106,0.00015475976,0.00018433644,0.083833605,0.041356213,0.0826549,0.04115231,0.0011787089,0.00020389867
0.6055388149760543,0.043581487890332934,0.024368718,0.0068725115,0.04306089673191309,0.024247173,0.006767788,153.18380732289907,17484,4370,0.0005205914174439385,0.00012154033,0.00010472283,0.13207759,0.06808226,0.12955804,0.067736626,0.002519542,0.00034562292
0.6507964533667783,0.04721817001700401,0.025914833,0.009005422,0.046220795623958116,0.025785884,0.008928515,153.1872998164872,17524,4380,0.000997375592123717,0.00012895484,7.690607e-05,0.0999896,0.036409702,0.096734636,0.03622487,0.0032549698,0.00018484067
0.7321974862061049,0.04758131988346577,0.016573232,0.009462326,0.046638991311192514,0.016489074,0.009319754,153.18982777377062,17564,4390,0.0009423281575436704,8.415743e-05,0.00014257061,0.09280564,0.04099112,0.09040031,0.040782306,0.0024053177,0.00020880248
0.5845059140249979,0.03276222394779325,0.026485128,0.008134699,0.03241263655945659,0.026351016,0.008025537,153.19251486156523,17604,4400,0.00034958733667735944,0.00013411406,0.00010916277,0.0810718,0.028004194,0.07995446,0.02785925,0.0011173456,0.00014494728
0.6326743679210645,0.06346524911932648,0.013269242,0.008072412,0.04980690795928239,0.013200615,0.007941764,153.19568615652523,17644,4410,0.013658344417490297,6.862497e-05,0.00013064894,0.250174,0.055537738,0.18244757,0.05523949,0.0677264,0.00029824523
0.7319390781930518,0.056633247155696155,0.023137653,0.008831049,0.05486336890608073,0.023027843,0.008660565,153.19983793846652,17684,4420,0.00176988050880027,0.00010981038,0.00017048366,0.13209227,0.03362487,0.12655553,0.033458352,0.005536766,0.00016652199
0.62954765632715,0.037299925275146965,0.019863939,0.010628558,0.03689134325832128,0.019761395,0.010511831,153.20349681304072,17724,4430,0.0004085813401616179,0.00010254534,0.00011672476,0.081328005,0.0345483,0.08018716,0.034373537,0.0011408477,0.00017476337
0.7873582361976084,0.11243290826678276,0.017019501,0.00713691,0.06885779220610858,0.016936483,0.007050492,153.20679325411783,17764,4440,0.043575118186709005,8.302343e-05,8.641827e-05,0.39169547,0.03687022,0.21772218,0.036678962,0.17397328,0.00019125179
0.6714961369967093,0.04758539199829102,0.016039511,0.0074054627,0.04583665365353227,0.015953312,0.007141474,153.20958771830522,17804,4450,0.0017487386110587976,8.6200394e-05,0.0002639886,0.12616307,0.031241335,0.12024563,0.031090725,0.005917467,0.00015061258
0.888580027396981,0.0670014478266239,0.021547213,0.008481795,0.06440402213484049,0.021439064,0.008389367,153.21328625368966,17844,4460,0.002597426905413158,0.000108142296,9.24285e-05,0.17867696,0.043132294,0.16959597,0.042913515,0.009080997,0.00021877521
0.8265100306792474,0.06739185377955435,0.028551929,0.005188773,0.06377731561660767,0.028408485,0.004910843,153.21787410640167,17884,4470,0.003614537612884305,0.0001434494,0.00027792927,0.16056406,0.04064225,0.14898199,0.04044072,0.0115820505,0.00020153716
0.8020685471906427,0.0666474737226963,0.028595297,0.008085008,0.062736807577312,0.028452689,0.0077933003,153.22444264304664,17924,4480,0.003910666520823725,0.00014260707,0.00029170816,0.17961782,0.03929157,0.16598696,0.039092712,0.01363085,0.0001988569
0.8102656650467912,0.07559611685574054,0.019772345,0.0067818975,0.06359888799488544,0.019671343,0.0066938056,153.22983734290236,17964,4490,0.011997230238921474,0.00010100143,8.809191e-05,0.18618989,0.034518894,0.14953169,0.034349594,0.036658205,0.00016930001
0.6501336739534705,0.04835969787091017,0.022247894,0.005387408,0.04758799765259029,0.02213294,0.0052407896,153.23493437982137,18004,4500,0.0007716993393842132,0.000114956376,0.00014661886,0.120437175,0.041958056,0.117603086,0.041740153,0.002834099,0.00021789876
0.8399926130070864,0.0752411274239421,0.01935114,0.012812076,0.06745222397148608,0.01925068,0.012682282,153.23956328273795,18044,4510,0.007788901592721234,0.00010045878,0.00012979466,0.1731188,0.03959454,0.15112482,0.03938491,0.021993998,0.00020962843
0.5310935949875331,0.025505438540130855,0.017654674,0.006467197,0.025283517967909577,0.017563663,0.006322433,153.24445036663644,18084,4520,0.0002219208894530311,9.101235e-05,0.0001447652,0.056128405,0.04193641,0.05542447,0.041711494,0.0007039325,0.00022491722
0.7988468943026907,0.11192079074680804,0.021402223,0.008593283,0.07000512816011906,0.021295164,0.0084245475,153.24877029068654,18124,4530,0.04191566148510901,0.000107055734,0.00016873507,0.24607494,0.041968867,0.14150426,0.041750535,0.10457067,0.00021833094
0.8950493905028696,0.07144279163330794,0.024105819,0.01096856,0.06866157613694668,0.023988161,0.01083935,153.2544983669516,18164,4540,0.0027812153595732523,0.00011765813,0.00012921002,0.18153398,0.04453527,0.1725984,0.044313665,0.008935545,0.00022160623
0.7185986903333706,0.06639230987057089,0.024156196,0.00787182,0.0557210179977119,0.024038827,0.0077509754,153.25954392875562,18204,4550,0.010671294265193863,0.00011737005,0.00012084382,0.16761288,0.036047846,0.13236915,0.035875402,0.03524374,0.00017244313
0.6655229605959909,0.0368075307458639,0.027844645,0.007266941,0.036336884833872325,0.027715135,0.0071493164,153.26469371841094,18244,4560,0.00047064586105989293,0.0001295093,0.00011762509,0.100094944,0.031538744,0.09828824,0.031379808,0.001806699,0.00015892772
0.7950275901317106,0.10855414271354676,0.031182524,0.01185269,0.06427380070090294,0.031029874,0.011557541,153.26936107786707,18284,4570,0.04428033901785967,0.00015265473,0.00029515065,0.3516767,0.039504655,0.17520812,0.039299686,0.17646858,0.00020496825
0.8972095394056101,0.05549740679562092,0.035234742,0.007754119,0.0540169388987124,0.035068605,0.0074427063,153.27362413526612,18324,4580,0.0014804654980252964,0.00016613958,0.00031141305,0.16159852,0.035534747,0.15580855,0.035347067,0.0057899593,0.00018767692
0.8399944548718755,0.08292441554367543,0.030639136,0.0105413655,0.06850829012691974,0.03049135,0.010290585,153.27922035956954,18364,4590,0.01441612732160138,0.0001477908,0.00025077802,0.2172245,0.04326779,0.16967663,0.043054037,0.047547866,0.00021375097
0.6369603964922125,0.048418602719903,0.02787605,0.012696463,0.047788301110267634,0.027737726,0.012577375,153.28369519095276,18404,4600,0.0006303030182607472,0.00013832872,0.000119087745,0.11789174,0.03895919,0.11562551,0.038764045,0.002266217,0.00019515392
0.6233878486494193,0.049619631748646496,0.024586529,0.009085463,0.048912630323320626,0.024453307,0.008973197,153.28742680479257,18444,4610,0.0007070013482007197,0.00013321952,0.00011226597,0.11606634,0.03968259,0.113733105,0.039476812,0.0023332187,0.00020577079
0.82350084301003,0.11614101044833658,0.019058332,0.0064118914,0.06893789414316416,0.018965283,0.0062715635,153.29231914619115,18484,4620,0.0472031257551862,9.304635e-05,0.00014032866,0.42630526,0.039725322,0.2170094,0.039525453,0.20929587,0.00019986903
0.5234227211613146,0.03610995481722057,0.01961824,0.0060937996,0.03480017823167145,0.019522235,0.0058899825,153.29761692174978,18524,4630,0.0013097776412905658,9.600526e-05,0.0002038173,0.15188497,0.02823509,0.144024,0.028096102,0.007860975,0.00013899134
0.5646352150285212,0.03606336414813995,0.02687845,0.008641184,0.03569947220385075,0.02674439,0.008518409,153.30185359141706,18564,4640,0.0003638925300037954,0.00013405908,0.00012277586,0.08584506,0.03382148,0.084700584,0.033658046,0.0011444786,0.00016342917
0.7237957282686625,0.10734334103763105,0.01901217,0.010511458,0.06464358586817978,0.01891777,0.0102433665,153.3047644036823,18604,4650,0.04269975618299214,9.4399664e-05,0.00026808947,0.34039775,0.03257653,0.1856235,0.032422386,0.15477423,0.00015414557
0.7406030452064185,0.04889099337160588,0.020322558,0.009330252,0.04805695377290249,0.020220367,0.009205448,153.3057979811751,18644,4660,0.000834039667097386,0.00010218564,0.00012480468,0.12074417,0.046811882,0.117644586,0.04656497,0.0030995777,0.00024691474
0.8533926842481063,0.07708551771938801,0.031630818,0.009159444,0.07416918249800801,0.031481076,0.008883971,153.30810054173105,18684,4670,0.0029163368250010534,0.00014973924,0.00027547157,0.19936353,0.036888875,0.19013241,0.036708735,0.00923114,0.00018014363
0.5322430018162413,0.03907991573214531,0.020666301,0.0092843855,0.038692323490977294,0.020561982,0.009195414,153.3122503775733,18724,4680,0.0003875928166962694,0.000104318766,8.8970206e-05,0.07661628,0.043842167,0.07542648,0.043610647,0.0011898023,0.00023152653
0.6107514889339839,0.04177008811384439,0.019393954,0.0114158355,0.04125613160431385,0.019300018,0.01126677,153.31678899675313,18764,4690,0.0005139564680575858,9.393683e-05,0.00014906663,0.08505897,0.047226034,0.08370756,0.04697427,0.0013513991,0.00025176673
0.6064093328585276,0.03737001875415444,0.018528676,0.0061026467,0.036885802261531354,0.018434094,0.0057740407,153.32141354700266,18804,4700,0.0004842169175390154,9.4581694e-05,0.00032860672,0.08732862,0.03523314,0.08586902,0.03503654,0.0014595949,0.00019658802
0.6194418077442629,0.046803218312561505,0.022600573,0.012350395,0.0461505638435483,0.022486785,0.012184722,153.325060493795,18844,4710,0.0006526542289066129,0.00011379129,0.00016567277,0.100999884,0.039097644,0.099068135,0.03889303,0.0019317569,0.00020462158
0.7220287340821401,0.061530300695449125,0.022683972,0.0061823865,0.05628639524802566,0.022570863,0.0057529244,153.32690706995692,18884,4720,0.005243904401868349,0.00011311061,0.0004294626,0.16762905,0.033999674,0.14920066,0.03383206,0.018428437,0.00016761993
0.7067881807547562,0.10605820771306751,0.021251377,0.008416182,0.06428114585578441,0.021142062,0.008286405,153.32980393493506,18924,4730,0.0417770616710186,0.00010931349,0.0001297768,0.325263,0.0338203,0.17371687,0.03364919,0.15154612,0.00017110881
0.5956752492275803,0.03342588227242231,0.022202466,0.0075140167,0.03310281876474619,0.022098811,0.0073669297,153.33355035677442,18964,4740,0.0003230641625123099,0.00010364905,0.00014708666,0.066746466,0.04998053,0.06593008,0.049721982,0.00081640395,0.00025855855
0.7048350530172859,0.15058724861592054,0.020129293,0.3189647,0.041707333084195844,0.020022273,0.009525448,153.33645420006042,19004,4750,0.10887990749179152,0.00010702079,0.30943906,0.11320412,0.044748083,0.1109656,0.04450576,0.002238524,0.0002423119
0.6411643749341234,0.0401895216666162,0.020131344,0.008273578,0.03905176790431142,0.020028755,0.008186966,153.34062091839166,19044,4760,0.0011377535854990128,0.00010258647,8.661083e-05,0.11590648,0.023871733,0.111650854,0.023749826,0.004255625,0.000121908146
0.6781242366468967,0.04848270229995251,0.022432238,0.011698836,0.04759030118584633,0.022323065,0.011572417,153.34343591167004,19084,4770,0.0008924003472202457,0.000109174216,0.00012641928,0.107865565,0.047300655,0.10478863,0.047053874,0.0030769194,0.00024677714
0.7274451228416441,0.051963006705045695,0.02895966,0.008036352,0.05013867449015379,0.028814308,0.007824709,153.34694724403562,19124,4780,0.001824331231182441,0.00014535098,0.00021164416,0.14602022,0.022743465,0.13918509,0.022631641,0.0068351347,0.00011182488
0.6065100522515781,0.03795167319476604,0.023145866,0.008084844,0.037409573793411255,0.023030598,0.007913014,153.34992802062885,19164,4790,0.0005420988156402018,0.0001152678,0.00017182913,0.09085444,0.041322246,0.08902288,0.041101653,0.0018315518,0.0002205954
0.6385038396814477,0.03647162225097418,0.01749219,0.015352342,0.035773142147809266,0.017399108,0.0152235,153.3534224176824,19204,4800,0.0006984818392083979,9.3080176e-05,0.00012884344,0.096263416,0.03933566,0.09246984,0.03912178,0.003793571,0.00021388406
0.7304199594216771,0.06422766810283065,0.022502588,0.006561103,0.053353039175271975,0.022392487,0.006478071,153.35636482587472,19244,4810,0.010874629810859914,0.0001100987,8.303291e-05,0.17257749,0.029102845,0.13658923,0.028951842,0.035988256,0.00015100143
0.8520854111996914,0.08135999003425239,0.019817028,0.008233299,0.06611173860728742,0.019717641,0.007911798,153.3601898117071,19284,4820,0.015248253466415918,9.938949e-05,0.00032149992,0.3645097,0.043266088,0.27843353,0.043054774,0.08607621,0.00021131379
0.6817763160853965,0.09714394696056843,0.023296729,0.008689755,0.05524649517610669,0.02318018,0.008039464,153.36397221895274,19324,4830,0.04189745493495139,0.000116547824,0.00065029017,0.32309788,0.034214232,0.15639009,0.034032676,0.16670781,0.00018155391
0.8231680095282944,0.06196185331791639,0.027750906,0.0068790987,0.0591280116699636,0.027617464,0.006775746,153.36732197367473,19364,4840,0.002833843893313315,0.00013344691,0.00010335246,0.16318202,0.03959948,0.15230703,0.03939094,0.0108749885,0.00020854059
0.7992580218457671,0.07088824957609176,0.028025152,0.008583119,0.06660169400274754,0.0278822,0.008512269,153.37164531210615,19404,4850,0.004286555953876814,0.00014294818,7.0850576e-05,0.25608057,0.046269976,0.23240201,0.04602223,0.023678523,0.00024775323
0.6136343363443433,0.03964176531881093,0.027000291,0.008504673,0.03914071945473552,0.026865188,0.008225387,153.37605980635857,19444,4860,0.0005010460656194481,0.00013510685,0.0002792856,0.07481591,0.039765522,0.07351697,0.039562203,0.0012989305,0.00020331476
0.705325765008056,0.05992876198142766,0.021858213,0.012299707,0.05731799528002739,0.021748176,0.012171932,153.37998493619705,19484,4870,0.002610768545127939,0.00011003607,0.000127776,0.119910575,0.05216483,0.11164581,0.051894493,0.008264762,0.0002703352
0.6122494439899866,0.03963089771568776,0.018988943,0.00812572,0.038977804780006405,0.018894188,0.007957147,153.38336327547137,19524,4880,0.0006530949831358156,9.4756666e-05,0.00016857198,0.09931568,0.035369344,0.09712375,0.035196636,0.0021919273,0.00017271563
0.8482463534335145,0.1930347541347146,0.025019519,0.36033347,0.07108275955542921,0.024897518,0.008185694,153.38791396059375,19564,4890,0.12195198804838583,0.000121999714,0.35214782,0.28445685,0.033852015,0.16257645,0.03368634,0.12188044,0.00016567338
0.4869102424521714,0.0300659135915339,0.01739598,0.00795537,0.029710539896041162,0.01730922,0.007856451,153.39159047119966,19604,4900,0.00035537289368221543,8.6755914e-05,9.891806e-05,0.08917368,0.034029868,0.08719817,0.033858005,0.0019755117,0.00017185889
0.9541441841474849,0.06592023856937886,0.019007517,0.009960385,0.06332035083323717,0.01891851,0.00907379,153.39497408554945,19644,4910,0.0025998890356277115,8.901042e-05,0.0008865946,0.15033086,0.061034936,0.14195451,0.06070479,0.0083763525,0.00033015327
0.7414291558323226,0.07451253291219473,0.021153629,0.009692955,0.07017331160604952,0.021054242,0.009563386,153.3982577972554,19684,4920,0.004339225011062808,9.938599e-05,0.0001295686,0.16227016,0.03202396,0.15091805,0.03185888,0.011352123,0.00016507918
0.5196527803169015,0.04037600224837661,0.025245123,0.007985285,0.03990787174552679,0.025121363,0.007895033,153.40337837589774,19724,4930,0.0004681302925746422,0.00012375746,9.0252775e-05,0.10442774,0.03767839,0.102662615,0.03747674,0.0017651232,0.00020164502
0.6799419401550775,0.044704902451485395,0.014049031,0.00784552,0.043257709313184026,0.013976343,0.007733582,153.4065697317385,19764,4940,0.0014471923153905665,7.268739e-05,0.00011193776,0.13295358,0.03265428,0.12748465,0.032490462,0.005468926,0.00016382133
0.6202372238046854,0.04469666201621293,0.026777536,0.004736617,0.04387265732511878,0.026645381,0.004606981,153.40974449535204,19804,4950,0.0008240040806413164,0.0001321563,0.00012963673,0.09869062,0.027106676,0.0964292,0.02697187,0.0022614282,0.00013480896
0.5648737354011465,0.035998844634741546,0.018918438,0.008919448,0.035623200982809064,0.018828189,0.008780194,153.4138184609421,19844,4960,0.00037564328522421425,9.02475e-05,0.00013925285,0.0794963,0.036252476,0.078281425,0.03608296,0.0012148696,0.00016951383
0.6543385931757181,0.1704296803101897,0.020195108,0.51720494,0.0433843133971095,0.020093948,0.012441404,153.41743164343995,19884,4970,0.12704536210512743,0.0001011571,0.50476354,0.10954798,0.036390185,0.10640787,0.036205154,0.0031401112,0.0001850345
0.705613521227281,0.059120947029441595,0.022381159,0.005868227,0.05448095593601464,0.022259254,0.0057070986,153.42039234508127,19924,4980,0.004639988618146164,0.000121901285,0.00016112928,0.14469987,0.040555857,0.12964165,0.040341526,0.0150582455,0.0002143245
0.5656522989586377,0.03216183474287391,0.017816706,0.008574475,0.03179508019238711,0.017729776,0.008460794,153.42469431680303,19964,4990,0.00036675433366326613,8.693377e-05,0.000113680035,0.07204861,0.027240213,0.07080552,0.027106589,0.0012430935,0.00013362318
0.7528078237996829,0.10306647475808857,0.016678518,0.014044665,0.059769655112177134,0.01659224,0.01388948,153.42857240441083,20004,5000,0.04329681548697408,8.627469e-05,0.00015518398,0.34845352,0.02925666,0.17563237,0.02910964,0.1728211,0.00014701513
0.6778072712722422,0.1388639507815242,0.026175397,0.26922065,0.040246288571506736,0.02604678,0.008655172,153.43133865231312,20044,5010,0.09861765964014921,0.00012861642,0.26056543,0.16203386,0.030846672,0.15645514,0.030687217,0.0055787195,0.00015945858
0.7500138347031177,0.048807349614799024,0.035655614,0.006078757,0.04805371854454279,0.03546338,0.0059149656,153.435647660264,20084,5020,0.0007536321892985143,0.00019222929,0.0001637913,0.09208762,0.03807798,0.09014327,0.037893567,0.0019443398,0.00018441143
0.6119884000505456,0.04228733219206332,0.02625374,0.007209378,0.041748109832406045,0.026129693,0.007117441,153.44247119639377,20124,5030,0.0005392214181483723,0.00012404885,9.1937276e-05,0.08952718,0.04134034,0.0879399,0.041123785,0.001587275,0.00021655227
0.5318254491716414,0.03596212239935994,0.02184303,0.009200699,0.03535667899996042,0.021736547,0.00895616,153.44927623319762,20164,5040,0.0006054437049897388,0.00010648093,0.00024453743,0.11511989,0.02819103,0.11247462,0.028051859,0.0026452679,0.0001391698
0.5748496955071816,0.03212696649134159,0.019471832,0.008649224,0.03169454028829932,0.01937774,0.0085392,153.45508926496126,20204,5050,0.0004324251902289688,9.409394e-05,0.000110024455,0.09503125,0.023328554,0.0933061,0.023209212,0.0017251454,0.000119343305
0.7588821898827359,0.061518107540905476,0.018869393,0.008062143,0.059551694616675394,0.018773679,0.0077949488,153.46019232593522,20244,5060,0.0019664108644064982,9.571422e-05,0.00026719453,0.15668939,0.046508063,0.15003416,0.046282195,0.0066552153,0.00022586605
0.7430191312206992,0.04863302614539862,0.026944576,0.0127896955,0.048102622106671336,0.026807629,0.012641026,153.46474543487832,20284,5070,0.00053040372004034,0.00013694576,0.00014867002,0.098482,0.04343403,0.09676901,0.043208443,0.001712998,0.00022558987
0.7946821989314581,0.06280543338507415,0.01933809,0.0095257005,0.061028913687914604,0.019239256,0.009302602,153.46897427514403,20324,5080,0.0017765206299372948,9.883262e-05,0.00022309861,0.17243664,0.037764415,0.16584446,0.03757865,0.0065921815,0.00018577774
0.5474231784405041,0.034111421927809714,0.023993712,0.007903633,0.03351108897477388,0.023877984,0.007212856,153.47372200638748,20364,5090,0.0006003331553074531,0.00011572766,0.0006907763,0.08434236,0.034847673,0.08301404,0.034679424,0.001328322,0.00016825166
0.7038897246669643,0.04030671026557684,0.028106079,0.0076813046,0.03943068943917751,0.027958555,0.0075686993,153.47783452103752,20404,5100,0.0008760196331422776,0.00014752323,0.00011260548,0.0836153,0.032817364,0.0808187,0.03264566,0.0027965927,0.00017170426
0.6725127033586279,0.038387798331677915,0.019829292,0.0069198436,0.03770580859854817,0.019729298,0.006736123,153.48052322637716,20444,5110,0.0006819896138040349,9.999562e-05,0.00018372097,0.109449305,0.028469741,0.106901765,0.028332975,0.0025475344,0.00013676591
0.652217731779595,0.03605147600173951,0.01568896,0.008434055,0.035346992686390875,0.015605943,0.008242608,153.483604715805,20484,5120,0.000704484010930173,8.301376e-05,0.0001914488,0.09588279,0.035121433,0.09331383,0.03494171,0.0025689658,0.0001797289
0.5760060983261766,0.03358505303040147,0.021901732,0.0071038725,0.032947050873190165,0.021788426,0.0069744615,153.48567896275316,20524,5130,0.0006380021950462833,0.00011330881,0.0001294105,0.12478455,0.031907283,0.12067231,0.031745996,0.004112222,0.00016129274
0.776994331012746,0.06159985391423106,0.01904887,0.010184798,0.056873710546642545,0.018952345,0.010071362,153.48824515150332,20564,5140,0.0047261439976864494,9.652128e-05,0.000113435126,0.2061921,0.045733787,0.1831788,0.045484412,0.02301331,0.00024938156
0.6273245679347584,0.03642099006101489,0.028113479,0.0074754637,0.03605885030701757,0.02797176,0.0072322106,153.4916918785098,20604,5150,0.000362139033677522,0.00014171672,0.00024325192,0.09969693,0.039036065,0.09857997,0.038842656,0.0011169703,0.0001934099
0.6885658153544771,0.03986711278557777,0.025401024,0.0044475417,0.03925492968410253,0.025268817,0.0040518153,153.4959380716842,20644,5160,0.0006121839745901525,0.00013220974,0.00039572615,0.0992818,0.03327009,0.09732676,0.03310543,0.0019550356,0.00016466266
0.6896631022915645,0.05293941423296929,0.027337579,0.0067837965,0.05151759535074234,0.027207516,0.006676765,153.49996017304625,20684,5170,0.0014218193100532517,0.0001300617,0.00010703215,0.124107346,0.04421919,0.1193498,0.04399626,0.0047575235,0.00022292946
0.7047580317406084,0.04475596100091934,0.02780402,0.010568701,0.043960724771022794,0.027672773,0.010445673,153.50436632967111,20724,5180,0.0007952376516186632,0.00013124608,0.00012302947,0.11779535,0.032802656,0.114760116,0.032636583,0.003035229,0.00016607369
0.7620879920932069,0.12368329465389248,0.020751256,0.36247182,0.059204118140041825,0.020648723,0.007800823,153.50937355360531,20764,5190,0.06447917598125058,0.00010252837,0.354671,0.12822075,0.039617095,0.12195115,0.039417855,0.0062696314,0.00019923985
0.6529242446421039,0.04782203417271376,0.0333462,0.007910525,0.046824684180319306,0.033190895,0.007626574,153.51334910252405,20804,5200,0.0009973505468224176,0.00015530223,0.00028395205,0.0997687,0.019795008,0.09725557,0.019693667,0.0025131376,0.00010134543
0.6953797030166525,0.04263013461604714,0.02378814,0.008501518,0.04171904092654586,0.023673689,0.008320078,153.51676916921986,20844,5210,0.0009110951330512763,0.00011445272,0.00018144258,0.10522167,0.030867746,0.10231771,0.030714542,0.0029039814,0.00015320443
0.5677613610496102,0.03102709501981735,0.023287697,0.008052598,0.030652062501758337,0.023171209,0.0074073155,153.52092029802202,20884,5220,0.0003750322095584124,0.00011648878,0.0006452798,0.057551313,0.04268629,0.056922324,0.04246623,0.00062898564,0.00022006407
0.6647050185005633,0.04322855193167926,0.023581864,0.0061775916,0.04223752655088901,0.023463884,0.0061043636,153.5239242887264,20924,5230,0.0009910236221912783,0.000117976815,7.3227304e-05,0.0926373,0.029184416,0.089615196,0.02903544,0.0030220894,0.00014897823
0.6820401752849936,0.045565555989742275,0.019482821,0.007247063,0.04482595399022103,0.019386007,0.00714884,153.52642277473214,20964,5240,0.0007396011453238315,9.6818316e-05,9.822271e-05,0.09698859,0.030030522,0.095067285,0.02988032,0.0019212986,0.00015020385
0.7745235489971414,0.037736896052956576,0.021692984,0.0063710855,0.037114440929144614,0.02158116,0.006261045,153.52892176197977,21004,5250,0.0006224554483196696,0.000111825284,0.00011004057,0.12643005,0.028705528,0.123439744,0.028566843,0.0029903064,0.00013868617
0.6829816018424006,0.0466145096346736,0.022389123,0.010858539,0.044987592939287425,0.022279015,0.01072495,153.53316661644072,21044,5260,0.0016269178959191777,0.00011011261,0.0001335887,0.119106136,0.031088162,0.11352811,0.030929383,0.0055780346,0.00015878062
0.8398151257884131,0.07055677827447653,0.024517562,0.010448413,0.06361969988793136,0.024398211,0.010072512,153.53947243618035,21084,5270,0.006937077033217065,0.00011934981,0.0003759008,0.15067197,0.03535689,0.13256167,0.035160877,0.018110251,0.00019600775
0.7798383843350889,0.054248351510614155,0.019598084,0.007115202,0.05100500080734492,0.019496836,0.007024302,153.5460395678509,21124,5280,0.0032433522028441075,0.000101248515,9.0899404e-05,0.14897078,0.033661555,0.1363611,0.033501074,0.012609682,0.00016048094
0.9353233711686618,0.0802744284272194,0.018788287,0.010372952,0.07177275456488133,0.018694917,0.008875226,153.55157862390786,21164,5290,0.008501676926971413,9.337472e-05,0.0014977249,0.18852529,0.03383332,0.16526797,0.03365975,0.023257324,0.00017357485
0.6615413518464477,0.03487529112026096,0.029919967,0.009969339,0.03444530284032225,0.02976139,0.009791687,153.55666121404556,21204,5300,0.00042998896969947975,0.0001585736,0.00017764927,0.08050715,0.048998307,0.07912229,0.048751887,0.0013848835,0.0002464202
0.6849653634315649,0.04788699299097062,0.020638311,0.008532831,0.046442209184169775,0.020531839,0.00821299,153.56064598054604,21244,5310,0.001444784397608601,0.000106474814,0.00031984167,0.14969121,0.03286647,0.14404444,0.03270783,0.005646738,0.00015864297
0.7432584470334337,0.06540553364902735,0.020346673,0.008340338,0.057692016335204245,0.020239318,0.008260624,153.56508190693543,21284,5320,0.007713517180673079,0.000107354055,7.971284e-05,0.19797692,0.06588023,0.16750573,0.065531045,0.030471206,0.00034919745
0.49394310027975513,0.02931231921538711,0.024702953,0.0071280524,0.02911214390769601,0.024576917,0.007052945,153.56941612744168,21324,5330,0.00020017544593429193,0.00012603262,7.510744e-05,0.108491614,0.036695246,0.10743259,0.036504388,0.0010590274,0.00019085189
0.6342676140394862,0.1416017604060471,0.022677626,0.2942468,0.05836565531790259,0.022561878,0.008028841,153.57346096479932,21364,5340,0.08323610907391411,0.00011574874,0.28621796,0.49709713,0.041413184,0.2292151,0.041190542,0.26788202,0.00022264638
0.6348462470953417,0.05617822641506791,0.028716069,0.007607794,0.052656180597841745,0.028577613,0.0075023035,153.57948043013565,21404,5350,0.003522045246791094,0.00013845658,0.00010549029,0.22841407,0.031910457,0.20889144,0.03175685,0.01952264,0.00015359974
0.6283547862196982,0.043116226047277446,0.017823258,0.009599265,0.0417677097953856,0.017736664,0.009492361,153.58449938156187,21444,5360,0.00134851519469521,8.6594984e-05,0.00010690394,0.180932,0.028802773,0.17259073,0.028657421,0.008341264,0.00014535207
0.7563514712278608,0.07832360658794642,0.021495389,0.00877195,0.06588164009153843,0.021389727,0.008666396,153.58865064141378,21484,5370,0.01244196876868955,0.00010566377,0.00010555378,0.24687946,0.038791873,0.19749083,0.038597193,0.049388655,0.00019468566
0.5846283277378115,0.030699080042541026,0.022936705,0.0104017565,0.030372005514800546,0.022820905,0.010290033,153.5928416423332,21524,5380,0.00032707464488339615,0.00011579969,0.00011172432,0.09205757,0.04132002,0.09042832,0.04109878,0.001629251,0.00022123822
0.7283868514244892,0.04606959652155638,0.016854605,0.0070402212,0.04540510531514884,0.01677555,0.006777539,153.59664210140147,21564,5390,0.0006644935157964937,7.905482e-05,0.00026268183,0.08546366,0.03857153,0.08379157,0.038373135,0.0016720877,0.0001983869
0.68769338040008,0.03928284570574761,0.017330345,0.0072391327,0.038520546909421687,0.017239239,0.0071358047,153.60126757795305,21604,5400,0.0007622985009220428,9.110593e-05,0.000103328224,0.09947504,0.03355913,0.09702015,0.033397093,0.002454888,0.00016203025
0.6995743616187243,0.04653084222227335,0.024318835,0.008032111,0.04518654262647032,0.024205906,0.007888851,153.60568871418138,21644,5410,0.0013442995761579367,0.000112927984,0.000143259,0.16798615,0.03301325,0.16094941,0.032853182,0.0070367316,0.00016006912
0.779180537655102,0.05498235486447811,0.020660214,0.010720152,0.053802181594073774,0.020553991,0.010568655,153.6092035124724,21684,5420,0.0011801738783105973,0.00010622533,0.00015149583,0.1421545,0.030324277,0.13823688,0.030162204,0.0039176354,0.0001620809
0.7529734283810972,0.05710515342652798,0.021229405,0.0059728995,0.05483008567243815,0.02112224,0.0058159474,153.61390049579663,21724,5430,0.002275068279413972,0.00010716805,0.00015695202,0.12588881,0.043222662,0.118710324,0.042999234,0.0071785087,0.00022343238
0.7611983683844235,0.049737696722149845,0.030256152,0.008583948,0.04880729578435421,0.030105447,0.008380029,153.61812868089282,21764,5440,0.0009304020968556869,0.00015070601,0.00020391858,0.124647304,0.04388712,0.12149583,0.043659013,0.003151461,0.00022809775
0.6195150854938786,0.02950153462588787,0.025585892,0.009041123,0.029082278162240984,0.025455277,0.008356539,153.62201130414064,21804,5450,0.00041925684417947194,0.0001306182,0.0006845836,0.08108595,0.035593204,0.07957806,0.03541291,0.001507892,0.0001802978
0.7290287998713592,0.04427858460694552,0.02689271,0.010474534,0.04326079599559307,0.02676237,0.009990261,153.62648943626928,21844,5460,0.0010177899705013259,0.00013034578,0.00048427237,0.12879296,0.0398824,0.12413604,0.03968941,0.004656916,0.00019298926
0.6000503175184483,0.03669347548857331,0.018077182,0.012055405,0.03624114394187927,0.017985642,0.011930157,153.63023444715043,21884,5470,0.0004523321440501604,9.1537346e-05,0.00012524611,0.09684253,0.039500747,0.09513571,0.039290182,0.0017068277,0.00021056565
0.7360780956608906,0.05391229745000601,0.028767733,0.009240996,0.05254511907696724,0.028628103,0.009141666,153.63612540441594,21924,5480,0.0013671765656908974,0.000139629,9.932876e-05,0.10787706,0.030368851,0.10444609,0.030214233,0.0034309628,0.00015461774
0.6887430291298166,0.046041678637266166,0.016491868,0.0065667606,0.044770097360014915,0.01641033,0.0063646007,153.64245256625088,21964,5490,0.0012715806646156126,8.153828e-05,0.0002021589,0.10995503,0.03444545,0.10610235,0.03427385,0.0038526729,0.00017160168
0.8352655106214477,0.061937089450657366,0.013503731,0.009265315,0.059852780494838956,0.013432709,0.00901337,153.64700044019926,22004,5500,0.0020843095808231737,7.10235e-05,0.0002519469,0.1557712,0.026104018,0.14967728,0.02597246,0.0060939314,0.00013155637
0.8677002062731372,0.11011312175542116,0.027674627,0.009765049,0.06761073572561146,0.027535718,0.009465632,153.65271418770934,22044,5510,0.04250238800741499,0.00013890781,0.00029941776,0.38426405,0.030707693,0.21494932,0.030533452,0.16931482,0.00017424102
0.8339944230671562,0.052301143668591975,0.024728892,0.009117009,0.05167568996548652,0.024606785,0.0088903485,153.66023511553695,22084,5520,0.0006254538318898994,0.0001221045,0.00022665963,0.09255904,0.04462991,0.09119989,0.044402152,0.0013591573,0.00022775456
0.6280800278658863,0.04033211655914784,0.022663511,0.0058813654,0.039237876795232295,0.02255793,0.00577217,153.66619174533275,22124,5530,0.0010942389264528174,0.00010558109,0.00010919596,0.108123705,0.026338104,0.10408622,0.026213761,0.0040374757,0.00012434143
0.712298098871742,0.03915218822658062,0.021316929,0.011156876,0.037959665060043335,0.02121383,0.011023036,153.67047036280943,22164,5540,0.001192522074416047,0.00010310117,0.00013384085,0.17016418,0.03144241,0.16152802,0.03128812,0.008636172,0.00015428811
0.6596045445973913,0.04812068231403827,0.019525632,0.008623162,0.046580408141016966,0.019426478,0.008524536,153.67429222844683,22204,5550,0.0015402755539980716,9.9154044e-05,9.862669e-05,0.117461376,0.037078984,0.11221501,0.03687673,0.0052463566,0.00020224435
0.5341408971077793,0.03206096366047859,0.024183346,0.0084989015,0.03166992105543613,0.024059843,0.008354343,153.6780582156374,22244,5560,0.00039104304887587203,0.0001235038,0.00014455852,0.07582334,0.022548128,0.074644804,0.02243728,0.0011785192,0.00011084848
0.9228330703884452,0.1236516308505088,0.02357954,0.0068729417,0.08024833505041898,0.023464799,0.0067420267,153.68060345842844,22284,5570,0.0434032917037257,0.000114743,0.00013091498,0.28139192,0.032569632,0.17308217,0.032402977,0.10830979,0.00016665414
0.7661912692918306,0.06262028496712446,0.011951316,0.007309954,0.06056120302528142,0.011887685,0.007162927,153.68572515802265,22324,5580,0.002059081482002511,6.363152e-05,0.00014702775,0.118243605,0.03998237,0.11359923,0.03976744,0.0046443692,0.00021493052
0.6384588469525314,0.03884531971998513,0.017886437,0.006554465,0.03806450106203556,0.017796442,0.0060896603,153.69161233634708,22364,5590,0.0007808180853317026,8.999535e-05,0.000464805,0.09695716,0.040918,0.09500202,0.040721636,0.0019551383,0.0001963628
0.7694017743840094,0.0995128302834928,0.024257079,0.006611062,0.059267741348594416,0.024137093,0.006485993,153.69529190201092,22404,5600,0.04024508974907803,0.0001199906,0.00012506888,0.34992623,0.044291195,0.17161308,0.04405989,0.17831321,0.00023129869
0.9083058935738614,0.08007048163563013,0.01783352,0.008223306,0.06835551336407662,0.017740306,0.008100619,153.6984678801405,22444,5610,0.01171496622628183,9.3215494e-05,0.00012268808,0.19907363,0.02986729,0.16584021,0.029715916,0.033233408,0.00015137365
0.5931337805589836,0.03438188135623931,0.016151872,0.007926696,0.034107988886535164,0.016069388,0.0078199925,153.70343329713143,22484,5620,0.00027389167007640935,8.248505e-05,0.00010670378,0.0849336,0.0421404,0.08411448,0.04192625,0.00081913435,0.00021414207
0.9063354475928808,0.08132848907262086,0.025880482,0.014051543,0.07243047747761011,0.025754346,0.013918178,153.70809038588067,22524,5630,0.008898014808073638,0.00012613996,0.0001333625,0.1830525,0.033254266,0.15789856,0.033091277,0.025153965,0.00016298324
0.708817550511824,0.04835671093314886,0.0232315,0.0063840505,0.046861959667876374,0.02312152,0.006272307,153.71331811560822,22564,5640,0.0014947519855923021,0.00010997884,0.00011174344,0.14419071,0.0438124,0.13729557,0.043593246,0.0068951673,0.0002191567
0.5452807316325137,0.031784718669950966,0.017658846,0.0055299667,0.031294511444866654,0.017566156,0.005013267,153.71990004837915,22604,5650,0.000490207294933498,9.26933e-05,0.0005167001,0.07953537,0.029135883,0.078402445,0.0289919,0.0011329133,0.00014397816
0.6356844827204328,0.05089870253577829,0.026718965,0.010514483,0.04822321403771639,0.026586398,0.0103257205,153.72681797750312,22644,5660,0.0026754889695439488,0.00013256806,0.00018876107,0.15497151,0.031269025,0.14221211,0.031110715,0.012759382,0.00015831635
0.5991368451829109,0.03727509053424,0.016014677,0.0057755327,0.03664810527116061,0.015934963,0.0056412015,153.73149024361123,22684,5670,0.000626986150018638,7.9713594e-05,0.00013433068,0.09597685,0.04499431,0.0940676,0.04474709,0.001909247,0.00024722202
0.7660630554958329,0.06786776483058929,0.0129553685,0.011682798,0.06411771550774574,0.012890238,0.011370426,153.735292903812,22724,5680,0.0037500504942727278,6.512961e-05,0.0003123736,0.19751193,0.04112467,0.1831907,0.040915802,0.014321256,0.00020887017
0.60235847286854,0.044161977060139176,0.019087171,0.0048360126,0.04361388627439737,0.018990513,0.0047325874,153.7401121655082,22764,5690,0.0005480893436470069,9.665566e-05,0.00010342497,0.076560006,0.042043816,0.075322196,0.041832186,0.0012378037,0.0002116328
0.6762104387644142,0.04560413723811507,0.016110867,0.01075451,0.04416312957182526,0.016032102,0.00980007,153.74490526004962,22804,5700,0.0014410084229893984,7.8765544e-05,0.0009544425,0.13894811,0.041867692,0.13437958,0.041631162,0.004568538,0.00023653377
0.5356244751004977,0.030438988655805587,0.020195032,0.008567997,0.03007178846746683,0.020094967,0.008316295,153.74798101248695,22844,5710,0.00036719919444294646,0.00010006532,0.00025170165,0.07183394,0.027003748,0.07074789,0.026870888,0.0010860482,0.0001328594
0.7003222848428212,0.044216794427484274,0.023488399,0.009074771,0.04303999748080969,0.023367984,0.008984221,153.75180377016673,22884,5720,0.0011767970529035666,0.00012041732,9.054848e-05,0.12762807,0.03091022,0.12227219,0.030749124,0.005355902,0.00016110128
0.8179649424803459,0.05605026995763183,0.024665987,0.0062490464,0.053701913170516494,0.024544196,0.0061626295,153.75626475010014,22924,5730,0.002348357551090885,0.00012178733,8.6416694e-05,0.1110442,0.035369355,0.105003804,0.035190918,0.0060404055,0.00017843737
0.7951420565985268,0.0638363447971642,0.024282578,0.008211059,0.058602864388376474,0.02417021,0.008096052,153.75973286069475,22964,5740,0.005233482189942151,0.00011237276,0.00011500574,0.24685709,0.030804664,0.22120601,0.030637575,0.025651097,0.0001670885
0.6225614235138581,0.038793979398906234,0.025881862,0.012464501,0.038442785292863844,0.025755258,0.012352731,153.76313690631846,23004,5750,0.0003511940900352783,0.00012660377,0.000111769565,0.07239961,0.028305357,0.071539216,0.028162045,0.00086037634,0.000143313
0.684009849238161,0.03680739421397447,0.026536606,0.015779572,0.036418041214346886,0.026409265,0.01563776,153.76537154129025,23044,5760,0.000389353308128193,0.0001273464,0.00014181266,0.078092024,0.03468726,0.07675283,0.034510616,0.0013391995,0.00017663784
0.8735087055053459,0.07095179948955777,0.02450905,0.0062701292,0.06710538808256387,0.02437994,0.0060697654,153.768480443461,23084,5770,0.00384641195560107,0.00012910913,0.0002003639,0.15445986,0.024473283,0.14444129,0.024344793,0.010018575,0.00012849463
0.8163466606546032,0.06659657778218389,0.020612003,0.0052900817,0.06355157131329178,0.020510511,0.0051546292,153.77270581586976,23124,5780,0.003045005232706899,0.000101492085,0.00013545208,0.13572791,0.037659995,0.12786253,0.037468664,0.007865408,0.00019132652
0.8242421500944669,0.05897979661822319,0.026427977,0.009696601,0.057526092231273654,0.026295047,0.009555615,153.77700102912942,23164,5790,0.0014537062204908581,0.0001329306,0.00014098588,0.13591571,0.037725147,0.1317649,0.037543625,0.0041508004,0.00018152539
0.6974464524107751,0.047386946622282274,0.017478669,0.0067370953,0.046547246444970374,0.017388329,0.0066437125,153.78141258578805,23204,5800,0.0008397021716518793,9.034166e-05,9.33822e-05,0.13132352,0.03465602,0.12804757,0.034480356,0.0032759318,0.00017566043
0.7866689571626488,0.06525306105613708,0.020314962,0.006822148,0.06329854726791381,0.020215036,0.006535371,153.78621741570598,23244,5810,0.0019545123519492335,9.992489e-05,0.0002867774,0.14063086,0.044264,0.13499469,0.04404202,0.005636183,0.00022198654
0.8325320183270409,0.06421809885650873,0.019940056,0.007483881,0.06056296844035387,0.019836346,0.0073783775,153.78958572094746,23284,5820,0.0036551275727106252,0.000103707345,0.000105502106,0.15813398,0.046312958,0.14629158,0.046078764,0.011842417,0.00023419144
0.601873302674375,0.034191408660262816,0.023553448,0.008581802,0.03385588163509965,0.023432964,0.008424319,153.79432006470233,23324,5830,0.0003355267239385284,0.00012047862,0.00015748272,0.08454582,0.025380738,0.08339757,0.02524975,0.0011482647,0.000130986
0.6960561800054529,0.06151557043194771,0.014741895,0.01015281,0.058257193118333814,0.014666939,0.010058807,153.80007160403983,23364,5840,0.003258376783924178,7.4954914e-05,9.400406e-05,0.1837196,0.028961468,0.17103426,0.028813196,0.012685336,0.00014826958
0.5810514411094643,0.03548003025352954,0.020196397,0.005860864,0.03504126872867345,0.020101182,0.0057147276,153.80421699048557,23404,5850,0.0004387618064356502,9.520937e-05,0.0001461368,0.08138931,0.025983267,0.08022219,0.025834903,0.0011671238,0.00014836313
0.5922152289161574,0.039687000773847105,0.021230327,0.007151476,0.03897153725847602,0.021127721,0.0070563015,153.8075479282575,23444,5860,0.0007154628685384521,0.00010260898,9.517506e-05,0.10345626,0.035112903,0.10069455,0.034938168,0.002761708,0.00017473845
0.647948808356865,0.032302354089915754,0.025534604,0.009335228,0.031867459509521724,0.025403287,0.009230451,153.81154447612764,23484,5870,0.0004348941969510634,0.00013131734,0.00010477941,0.0803307,0.034357026,0.07882749,0.0341845,0.0015032024,0.00017252594
0.5036116191985633,0.030283839069306852,0.01727374,0.006835662,0.029525164514780045,0.017186983,0.006630953,153.81492189285112,23524,5880,0.0007586752391944174,8.675555e-05,0.00020470918,0.10100377,0.027051188,0.097867675,0.026916243,0.0031360965,0.0001349437
0.4638672902084179,0.021079046558588742,0.0176903,0.010825776,0.020944901369512086,0.017603101,0.010729809,153.81920833651068,23564,5890,0.0001341452581982594,8.72012e-05,9.596608e-05,0.037344433,0.02682215,0.03694733,0.026691929,0.0003971104,0.00013021976
0.5166597368732905,0.02514660693705082,0.017529307,0.010485354,0.024873617012053727,0.017442774,0.010377707,153.82271442566537,23604,5900,0.0002729902225837577,8.653452e-05,0.00010764705,0.10541016,0.025901098,0.10314618,0.025769725,0.0022639802,0.00013137059
0.7263161570516706,0.05863379389047623,0.01744352,0.008374533,0.055597542785108076,0.017358825,0.008284354,153.82591910182768,23644,5910,0.003036250809236662,8.4696505e-05,9.017881e-05,0.15132083,0.029713923,0.14145409,0.029566415,0.009866752,0.00014751355
0.7338935067283586,0.040840899571776376,0.026871651,0.008450994,0.038817295804619796,0.026736006,0.008352645,153.829106480312,23684,5920,0.002023602812550962,0.00013564255,9.8350225e-05,0.10006972,0.028442472,0.092353754,0.028294267,0.007715981,0.00014820637
0.6847421454504982,0.04266392532736062,0.018381689,0.0055525694,0.0419669421389699,0.018290984,0.005434601,153.8319728276588,23724,5930,0.0006969842404942027,9.070708e-05,0.00011796826,0.074842334,0.037331916,0.073313445,0.037127644,0.0015288889,0.00020427236
0.501294246105548,0.030812829453498128,0.014344385,0.006234405,0.030485376529395578,0.01426988,0.0061373017,153.83457450325056,23764,5940,0.0003274525537563022,7.4504685e-05,9.7103366e-05,0.07468634,0.02960819,0.07370435,0.029456496,0.0009819869,0.00015169554
0.614294803955701,0.03648762833327055,0.019524598,0.008697136,0.03567107962444425,0.019428395,0.008516109,153.83834947779553,23804,5950,0.0008165494495187886,9.620345e-05,0.00018102802,0.089429624,0.027911743,0.08684064,0.027767152,0.0025890032,0.0001445906
0.7647750619366683,0.05400995183736086,0.028007448,0.00653874,0.05081539452075958,0.027861815,0.0064260103,153.84113135206343,23844,5960,0.0031945569171512034,0.00014563285,0.000112730115,0.10632731,0.0326407,0.09747717,0.032471575,0.008850139,0.00016912271
0.7677598506447239,0.04743145443499088,0.03106172,0.007994255,0.0447216278873384,0.030909894,0.007899919,153.84350819737824,23884,5970,0.002709828005754389,0.0001518305,9.4337054e-05,0.13622347,0.029711105,0.12464009,0.029547822,0.011583368,0.00016328292
0.8910492969679888,0.08789458069950341,0.02824005,0.009241718,0.07551028337329627,0.02809617,0.009133404,153.84754237680474,23924,5980,0.012384300857229394,0.0001438792,0.00010831407,0.20028292,0.027792253,0.1674686,0.027656771,0.03281432,0.00013548126
0.7061740238651609,0.05749038122594356,0.016507357,0.009860173,0.05579611696302891,0.016428031,0.009752503,153.85260160914515,23964,5990,0.0016942638554610311,7.932377e-05,0.000107669905,0.13173133,0.027844917,0.12708162,0.027710555,0.004649723,0.0001343595
0.7266093896490653,0.05732351038604975,0.020244187,0.006060462,0.05422002691775559,0.020143585,0.005967445,153.85739951418972,24004,6000,0.0031034836341859774,0.0001006004,9.301641e-05,0.15684374,0.038282715,0.14586759,0.038090076,0.010976179,0.00019263831
0.772545929110868,0.05019664876163006,0.022187036,0.010869673,0.04924366865307093,0.022082293,0.010744214,153.8625808465186,24044,6010,0.0009529800954624079,0.00010473933,0.00012545977,0.10714322,0.043459155,0.104319505,0.043228194,0.002823727,0.00023096372
0.7364966175805426,0.04262091964483261,0.036366276,0.006148202,0.041965970769524574,0.036193017,0.0060094255,153.86673946402934,24084,6020,0.000654948499868624,0.00017325903,0.00013877646,0.085475095,0.025872406,0.083866,0.025744598,0.0016090743,0.00012780659
0.8431915591235114,0.05913307853043079,0.023138449,0.008554626,0.057676649652421474,0.023023767,0.008458426,153.8715023842188,24124,6030,0.0014564304627128878,0.00011468035,9.620015e-05,0.11703283,0.031485245,0.113361835,0.03132827,0.0036709977,0.00015697924
0.8695460282140683,0.061832689121365546,0.014118097,0.008070715,0.05840263022109866,0.0140466755,0.007963773,153.8762101776576,24164,6040,0.0034300586143217516,7.1421055e-05,0.00010694164,0.19805346,0.027857702,0.18464212,0.027716676,0.013411361,0.00014102436
0.6922876069691752,0.07944703372195361,0.023674821,0.10505793,0.04913262389600277,0.02356062,0.011899374,153.8817931167433,24204,6050,0.030314409875427373,0.000114199865,0.09315854,0.11916503,0.025289603,0.1120256,0.025156898,0.0071394444,0.00013270209
0.5571659399289989,0.03244581292383372,0.0140349455,0.008394616,0.03187572569586337,0.013969693,0.00827271,153.88734822904786,24244,6060,0.000570086815423565,6.52531e-05,0.00012190478,0.12862459,0.03057438,0.12493198,0.030428667,0.0036925953,0.00014571052
0.6355425187174555,0.03740659430623055,0.0186199,0.010763936,0.036579291149973873,0.018532725,0.01065519,153.89277093748012,24284,6070,0.000827303018013481,8.7170985e-05,0.00010874597,0.079704106,0.03074703,0.077214606,0.030589633,0.0024894795,0.00015740018
0.7416839943108806,0.06205927990376949,0.046530005,0.00735679,0.058682715985924006,0.04629671,0.0072596,153.8968333383294,24324,6080,0.003376562062476296,0.00023329532,9.718993e-05,0.19311038,0.028993558,0.17860492,0.028843768,0.014505457,0.00014979261
0.6456506707280126,0.0501879807561636,0.016246988,0.00857806,0.04829380176961422,0.016167745,0.008413056,153.90276739236737,24364,6090,0.001894178793008905,7.923918e-05,0.00016500389,0.13057733,0.02905438,0.12403247,0.028902166,0.006544833,0.00015221415
0.6372061140444314,0.04045785926282406,0.017461214,0.0052301283,0.03777535418048501,0.017374815,0.0050494946,153.90936860415104,24404,6100,0.0026825058826943863,8.640355e-05,0.00018063294,0.16008176,0.0196135,0.14529106,0.019509321,0.014790727,0.00010418108
0.672918586382021,0.05657275710254908,0.014838632,0.010768702,0.054766286909580235,0.014766748,0.010655273,153.91507388179528,24444,6110,0.0018064700452669058,7.188331e-05,0.000113429036,0.1480932,0.025300443,0.14233099,0.025170108,0.005762179,0.00013033049
0.5574935974128515,0.03148673428222537,0.022450555,0.009253886,0.03122841417789459,0.022334738,0.009132229,153.91623977667984,24484,6120,0.0002583206129202153,0.00011582306,0.000121656514,0.07115313,0.03113562,0.07031167,0.030975206,0.0008414476,0.00016041503
0.6245249386926717,0.06015285658650101,0.016795717,0.0075175622,0.04864270887337625,0.016713854,0.007407815,153.91854903489,24524,6130,0.011510147688386495,8.186202e-05,0.000109745626,0.313798,0.039333973,0.22274612,0.039130438,0.0910519,0.00020352712
0.6012094806709438,0.034959589131176465,0.020494783,0.010247607,0.03451207596808672,0.020394318,0.0101379305,153.92290126696295,24564,6140,0.0004475125810131431,0.0001004668,0.00010967561,0.081943,0.02881751,0.08050361,0.028666986,0.0014393975,0.0001505213
0.7140133872677747,0.046707980893552305,0.02166738,0.0051976955,0.04563677199184894,0.021561896,0.005007956,153.92613506220792,24604,6150,0.001071209504880244,0.00010548202,0.0001897398,0.117219366,0.030647334,0.11371961,0.030493308,0.003499736,0.00015402635
0.4884306607361856,0.034722470771521324,0.03656994,0.008456972,0.03413101015612483,0.036392517,0.008372792,153.9293532246657,24644,6160,0.0005914600173127836,0.00017742226,8.4180174e-05,0.097232714,0.024472704,0.09442229,0.024355037,0.0028104198,0.00011766564
0.7893187922032006,0.060949266701936726,0.021084704,0.0068271523,0.056339501030743123,0.020981055,0.006433079,153.9320673072834,24684,6170,0.004609765578788938,0.00010364839,0.0003940733,0.19433548,0.03596139,0.1746009,0.035771154,0.019734582,0.0001902349
0.7298300607486072,0.054953180439770224,0.024346448,0.006026285,0.05254137581214309,0.024224203,0.005942964,153.93585353905277,24724,6180,0.0024118036213621966,0.00012224613,8.332012e-05,0.18563099,0.04156194,0.17410895,0.041350707,0.01152206,0.00021122776
0.6692882474096375,0.04389448268339037,0.01600897,0.009124091,0.04285276941955089,0.015928088,0.009000173,153.93980754145792,24764,6190,0.0010417122022772674,8.088441e-05,0.00012391772,0.18416393,0.029445333,0.17784606,0.029296003,0.006317883,0.00014933178
0.620893320741711,0.040515811555087565,0.02604014,0.008810502,0.03995021171867847,0.02591055,0.00870103,153.94300285318877,24804,6200,0.0005656003726471681,0.0001295897,0.00010947057,0.0830507,0.037239566,0.081486806,0.037038304,0.001563889,0.00020126087
0.553109677292733,0.029720069002360107,0.020202165,0.0066545717,0.02924116151407361,0.02009992,0.006465525,153.94615201030803,24844,6210,0.0004789072976564057,0.000102247184,0.00018904693,0.087600246,0.024239028,0.085497424,0.024119105,0.00210282,0.000119919925
0.7268193083154381,0.05285712815821171,0.02260161,0.009601167,0.049080962315201766,0.022479832,0.009489461,153.94884337079122,24884,6220,0.0037761642364785076,0.000121777,0.000111707086,0.13009222,0.025035303,0.11778459,0.024910923,0.012307612,0.00012438085
0.6407103849372155,0.03985023414716125,0.022279296,0.008846201,0.0380967509932816,0.022171333,0.008697685,153.95278643486697,24924,6230,0.001753482486674329,0.000107965454,0.00014851788,0.14025272,0.026975088,0.13087991,0.02682717,0.009372827,0.00014791806
0.5819817561370519,0.033955910615622996,0.017307451,0.005697217,0.03284307448193431,0.0172197,0.0053601423,153.95781336888587,24964,6240,0.0011128354766697158,8.774915e-05,0.00033707477,0.09050994,0.035788506,0.085703425,0.035599824,0.0048065227,0.0001886821
0.5799356249336912,0.03335608905181289,0.017946616,0.007428517,0.033030710835009816,0.017858783,0.007326173,153.96092414816044,25004,6250,0.00032537831357331003,8.7834356e-05,0.00010234451,0.06818263,0.017714921,0.06742677,0.017624289,0.00075584295,9.063081e-05
0.6364061574866466,0.03673494644463063,0.025951788,0.009000253,0.03637054059654475,0.025828896,0.008909409,153.9654612656029,25044,6260,0.00036440486583160235,0.00012289725,9.0845e-05,0.08034718,0.029582346,0.07925721,0.029434161,0.0010899566,0.0001481866
0.5610139524846071,0.02893906235694885,0.018707123,0.0060394504,0.0284500683657825,0.018614545,0.005968701,153.9695019319971,25084,6270,0.000488994092302164,9.2580194e-05,7.074946e-05,0.088121645,0.04663187,0.08550376,0.046388716,0.0026178923,0.00024314784
0.696469358116119,0.05643957303836941,0.012985816,0.011745903,0.04965229183435439,0.012922832,0.011653368,153.97260401191886,25124,6280,0.006787280964999809,6.2982755e-05,9.2534865e-05,0.2158434,0.024706613,0.18228923,0.0245784,0.033554144,0.00012821564
0.562812148469534,0.026494979485869413,0.017775249,0.006723879,0.026323987264186145,0.017688012,0.0066357823,153.97712224540447,25164,6290,0.00017099211545428257,8.723693e-05,8.809657e-05,0.04408948,0.038937036,0.04375298,0.038726978,0.0003365048,0.00021006273
0.7424260835050234,0.051620774902403355,0.011170866,0.008935445,0.05031520966440439,0.011116536,0.008747536,153.98153230135887,25204,6300,0.001305565863731317,5.4329725e-05,0.00018790914,0.10655919,0.020309728,0.103473194,0.020215869,0.003085983,9.3859344e-05
0.4977346219410762,0.02833229172974825,0.015233357,0.011465836,0.027957349084317684,0.015161107,0.010628556,153.98673009177668,25244,6310,0.0003749423747649416,7.2249364e-05,0.0008372796,0.050026882,0.032444485,0.04942529,0.032284852,0.0006015988,0.00015963026
0.6941521147379851,0.046849829517304896,0.02059836,0.009764909,0.045044163800776,0.02050058,0.009628092,153.9906905116461,25284,6320,0.0018056658082059585,9.7778175e-05,0.00013681721,0.09906996,0.03009123,0.093777396,0.02993854,0.005292559,0.00015268964
0.6283246295153039,0.03622202835977078,0.01863346,0.005701972,0.03553991578519344,0.018542891,0.005620509,153.99490176477232,25324,6330,0.0006821118084189948,9.056896e-05,8.146353e-05,0.08718387,0.032075666,0.084799305,0.03190472,0.0023845555,0.00017094871
0.755573836893712,0.056600257102400076,0.025751466,0.0058764704,0.049157513491809364,0.025620306,0.0057389364,153.99775973236652,25364,6340,0.007442744269792458,0.00013115734,0.00013753418,0.15384701,0.0348087,0.12716174,0.034635853,0.026685264,0.00017284404
0.8642198729912992,0.06462712632492185,0.01824017,0.007569059,0.060024213045835495,0.018137028,0.0072978386,154.0003662670426,25404,6350,0.004602916637668385,0.00010314091,0.0002712193,0.17628202,0.037773512,0.16008943,0.037573844,0.016192582,0.00019966485
0.846255761694515,0.06000685915350914,0.023865668,0.010209924,0.058266597613692274,0.023743775,0.01007367,154.00473854962732,25444,6360,0.001740262071689358,0.000121888675,0.00013625431,0.1364092,0.026397083,0.13168107,0.026264023,0.004728142,0.00013305746
0.7186559538053096,0.051650846749544135,0.021978403,0.006135228,0.048618510738015173,0.021870567,0.005946568,154.0092796602824,25484,6370,0.003032335208263249,0.00010783404,0.00018865956,0.17112438,0.027594544,0.15816967,0.02745255,0.012954712,0.00014199175
0.6751263701652925,0.04473652448505163,0.01515686,0.007668348,0.04420897923409939,0.015085819,0.007542933,154.01411340469923,25524,6380,0.0005275449671898968,7.104313e-05,0.00012541302,0.08201554,0.03358007,0.08094607,0.033410665,0.0010694831,0.00016940391
0.5239661185652376,0.031667532911524174,0.018796904,0.007728296,0.03137753852643073,0.018695096,0.0076423325,154.018028488109,25564,6390,0.0002899954379245173,0.000101808444,8.596287e-05,0.0852385,0.042439405,0.08405999,0.04222184,0.00117852,0.00021755417
0.6159383906422871,0.09763454105705024,0.01982328,0.24296412,0.03801788156852126,0.01972155,0.0076394444,154.0223545990798,25604,6400,0.0596166538183752,0.00010172324,0.23532468,0.092556514,0.03331932,0.08991383,0.033148106,0.002642688,0.00017121538
0.5069962275844772,0.026162952929735184,0.024035234,0.009174687,0.025830416847020386,0.023915587,0.008610131,154.0266500832362,25644,6410,0.00033253671936108733,0.00011964614,0.0005645552,0.057579614,0.032540917,0.057022233,0.032379497,0.0005573816,0.0001614252
0.6238297698900884,0.058331408817321066,0.014507878,0.008252525,0.0508979894220829,0.014431085,0.0081547005,154.03129969671232,25684,6420,0.00743341712950496,7.679203e-05,9.78237e-05,0.21801259,0.031171845,0.18129137,0.03102364,0.03672125,0.00014820305
0.6693604104396308,0.0522825999185443,0.023291405,0.010396769,0.051008842140436175,0.023171991,0.009715108,154.03603070480978,25724,6430,0.0012737577635562047,0.00011941171,0.0006816617,0.11401385,0.022479242,0.1109129,0.022367138,0.0031009568,0.000112100905
0.5940142976533457,0.04203394651412964,0.024978861,0.0038715948,0.04123449241742492,0.024853319,0.003795471,154.03929267791187,25764,6440,0.0007994546787813307,0.0001255402,7.612366e-05,0.09414406,0.030252159,0.091758385,0.030091679,0.00238569,0.00016048129
0.6357197823670562,0.03406401127576828,0.024126261,0.008906325,0.0335719889961183,0.02400477,0.0088208625,154.0430439684858,25804,6450,0.0004920225706882775,0.000121489655,8.546379e-05,0.09167753,0.027437855,0.08967934,0.02729636,0.0019981817,0.00014149737
0.7618959774626115,0.057294260989874606,0.0158622,0.010263593,0.05425528548657894,0.015783302,0.010169741,154.0490168854676,25844,6460,0.0030389766434382186,7.889917e-05,9.385321e-05,0.13476151,0.030749522,0.12563275,0.030593399,0.009128767,0.00015612206
0.7108703724882715,0.05754266260191798,0.012590605,0.006270335,0.046654483769088984,0.01252572,0.0061609964,154.05505087243014,25884,6470,0.010888175746367782,6.4887354e-05,0.00010933856,0.20040809,0.029051354,0.15236893,0.028910134,0.048039116,0.00014122047
0.6209144124387729,0.04245676752179861,0.023411077,0.0066306777,0.04162738788872957,0.023298968,0.0065657673,154.06022242415668,25924,6480,0.000829379860078916,0.00011211449,6.4910826e-05,0.11878425,0.030538369,0.11546731,0.030394347,0.003316957,0.00014402109
0.47981643463831114,0.024063638690859077,0.013494518,0.0068308804,0.023842525016516448,0.0134261865,0.0067160726,154.0648234129079,25964,6490,0.00022111395410320258,6.83299e-05,0.000114808005,0.07307518,0.030297628,0.072055265,0.03014429,0.0010199159,0.00015334167
0.5368827777613273,0.026457841601222755,0.023873672,0.006736927,0.0262049300596118,0.023757562,0.006589646,154.06879256777108,26004,6500,0.00025291202982771207,0.000116110925,0.00014728137,0.055288177,0.0253736,0.05467667,0.02524339,0.00061151024,0.00013021533
0.6737285446468817,0.037176240142434834,0.016517278,0.010380374,0.036427026987075804,0.016437601,0.010270595,154.07365828880899,26044,6510,0.0007492127209843602,7.9678124e-05,0.00010977972,0.088797115,0.02733132,0.086345404,0.027199386,0.0024517155,0.00013193549
0.6095044860976302,0.031483026687055826,0.017727131,0.010797894,0.031182591058313846,0.017635355,0.0106959315,154.07924678552337,26084,6520,0.00030043728911550717,9.177221e-05,0.00010196301,0.05639303,0.04365004,0.055671632,0.04344342,0.00072140596,0.00020662056
0.5263565151703071,0.024638933828100562,0.012881819,0.0064263544,0.024393967026844623,0.0128152985,0.0063089044,154.0828951170814,26124,6530,0.0002449667845212389,6.6520486e-05,0.000117449934,0.06706522,0.02901558,0.06608214,0.028862193,0.0009830763,0.00015338376
0.7864530132853177,0.07747135320678354,0.017946333,0.007974163,0.06318890377879142,0.017849194,0.00787265,154.08714246263375,26164,6540,0.01428245158022037,9.71392e-05,0.00010151133,0.25501138,0.04604342,0.19206427,0.045802675,0.06294712,0.00024074018
0.6481926372013387,0.040062154456973066,0.020634245,0.0071457266,0.03952800184488296,0.02053444,0.007057943,154.09080404190306,26204,6550,0.0005341522373782935,9.980348e-05,8.7783286e-05,0.07982966,0.038335647,0.07843572,0.038111404,0.0013939494,0.00022423793
0.7466562485263616,0.15242192964069545,0.018616797,0.29412547,0.0516973789781332,0.018518476,0.0056902654,154.09420759081146,26244,6560,0.10072454816108803,9.831914e-05,0.28843522,0.23922756,0.03478229,0.19978435,0.03459431,0.0394432,0.00018798167
0.5485014994085912,0.035867957677692165,0.020470824,0.006779943,0.035210340190678834,0.020365126,0.0067081903,154.09825860576646,26284,6570,0.0006576183426659554,0.000105699015,7.175087e-05,0.10434829,0.025342038,0.10176317,0.02521093,0.002585126,0.00013110589
0.5943187711250224,0.038910135813057425,0.022603706,0.0054640416,0.03848652485758067,0.022490151,0.0053887544,154.10171892325621,26324,6580,0.0004236099266563542,0.00011354885,7.528771e-05,0.08649609,0.035934802,0.085178144,0.035758622,0.0013179493,0.00017617548
0.6561696927990086,0.03919808506034315,0.0149585,0.0070970524,0.03857957399450243,0.0148867015,0.00694751,154.10451983484904,26364,6590,0.0006185111349623185,7.1798466e-05,0.00014954293,0.083920136,0.026022749,0.08227979,0.025891133,0.0016403464,0.00013162052
0.6981265420768034,0.048376639001071454,0.024327282,0.005976789,0.04691895544528961,0.024209151,0.0058337785,154.10815001014169,26404,6600,0.00145768412767211,0.00011813058,0.00014301138,0.1296403,0.029892106,0.12420856,0.029749254,0.005431724,0.00014284739
0.6984870735169287,0.039608717523515226,0.016806379,0.0069834306,0.038417882099747655,0.016724335,0.006902899,154.1126119440712,26444,6610,0.0011908368454896844,8.204474e-05,8.052952e-05,0.09115922,0.033201702,0.087445855,0.03303125,0.003713355,0.00017045115
0.761779686576203,0.04222117606550455,0.019671954,0.01009887,0.0414199547842145,0.019576326,0.009933371,154.11684889559675,26484,6620,0.0008012212405446918,9.5626645e-05,0.00016549732,0.07865622,0.025413759,0.076732315,0.025288882,0.0019239149,0.00012487531
0.6150013480560717,0.033593307808041574,0.018826623,0.007109973,0.03276813374832272,0.018734997,0.0069697066,154.12092170380313,26524,6630,0.0008251736260717734,9.1626185e-05,0.00014026766,0.071273975,0.023543477,0.06898456,0.023422413,0.0022894181,0.00012106951
0.7899053143037669,0.05822500362992286,0.019172544,0.008642202,0.056125351600348955,0.019077096,0.008399445,154.12505859657318,26564,6640,0.0020996507577365265,9.5447285e-05,0.00024275779,0.13944308,0.026401931,0.1332892,0.026268737,0.006153872,0.00013319192
0.5664193546922185,0.03612975645810366,0.022433354,0.008421111,0.035454800724983214,0.022314973,0.008042073,154.13005955492363,26604,6650,0.0006749558007868473,0.00011838651,0.00037903583,0.10481259,0.025649423,0.10224652,0.025522722,0.0025660675,0.00012670128
0.5277313076131359,0.030063067656010384,0.015549449,0.0068586003,0.02971960362046957,0.015472885,0.0066200546,154.1349777398451,26644,6660,0.0003434654063312337,7.656515e-05,0.00023854422,0.074260846,0.031192701,0.073307805,0.031031718,0.00095302495,0.0001609775
0.6717709174786508,0.0419804535806179,0.022579322,0.00868136,0.037890006229281424,0.02246361,0.008567996,154.13989669990795,26684,6670,0.0040904463363403915,0.00011570952,0.00011336216,0.22938722,0.030835707,0.18966547,0.030677594,0.03972174,0.00015810349
0.8142297593117047,0.12005593637004494,0.015956849,0.007454313,0.07211870960891248,0.01587931,0.0073869782,154.14390560252886,26724,6680,0.047937227627699044,7.753993e-05,6.733584e-05,0.5235799,0.030915312,0.2843254,0.03074917,0.23925458,0.00016614367
0.6824353739159491,0.04142864597961307,0.0213897,0.009008979,0.040755470469594005,0.021282244,0.008907824,154.148305488726,26764,6690,0.0006731769899488427,0.00010745629,0.000101154204,0.12734337,0.028710924,0.124467835,0.028563477,0.0028755292,0.00014744698
0.6965129294656153,0.04404610432684422,0.019168941,0.010592748,0.043374424986541274,0.019071348,0.010487628,154.1519916197913,26804,6700,0.0006716792260704096,9.759541e-05,0.00010512052,0.12105099,0.032564867,0.11824219,0.032389548,0.0028088074,0.00017531772
0.7325075327677095,0.0575022477656603,0.023152294,0.010857872,0.047595545276999475,0.023034561,0.010719421,154.15454017941212,26844,6710,0.00990670169121586,0.00011772921,0.00013845014,0.13931167,0.033455234,0.10661993,0.033291176,0.03269176,0.00016405893
0.6409493760082996,0.035834103450179094,0.02374667,0.0076552704,0.03546627014875413,0.023628812,0.0074908882,154.16070658200613,26884,6720,0.00036783276445930815,0.00011785339,0.00016438072,0.06391821,0.03113737,0.06308655,0.030980133,0.00083167356,0.00015723564
0.6095482374529876,0.03349643666297197,0.01676158,0.0052648657,0.032677488308399914,0.016674379,0.005127103,154.1668993260801,26924,6730,0.0008189475520339329,8.720249e-05,0.0001377631,0.109393805,0.034405023,0.1046372,0.03423605,0.004756601,0.00016897422
0.6123015394029934,0.04203653205186128,0.015364977,0.007861574,0.041058545000851154,0.015284768,0.0077795316,154.17047416061604,26964,6740,0.0009779870248166843,8.02054e-05,8.204365e-05,0.08930178,0.034611017,0.08653147,0.03442823,0.002770319,0.0001827875
0.5111947554037394,0.026687076315283775,0.023495592,0.008036416,0.026486865244805813,0.023377243,0.007939221,154.17426893139887,27004,6750,0.00020021060408907944,0.000118347714,9.7196265e-05,0.05393315,0.03565676,0.053427834,0.035473596,0.0005053191,0.00018316397
0.5635752493576578,0.028004077821969987,0.021492198,0.0068538534,0.027727420069277284,0.021379933,0.0067931684,154.17903853652572,27044,6760,0.0002766578953014687,0.00011226571,6.0685736e-05,0.05881666,0.0356799,0.057961043,0.03548736,0.00085561146,0.00019254073
0.49057160585879545,0.02546345358714461,0.018284561,0.0062370207,0.025133749749511478,0.018186439,0.005907593,154.1834128483632,27084,6770,0.0003297039875178598,9.8120785e-05,0.00032942827,0.0761542,0.027674373,0.075041845,0.027531559,0.0011123511,0.00014281594
0.8378647759677239,0.05039772186428308,0.016801722,0.0073842085,0.04866730207577348,0.016717846,0.007285642,154.18671064778633,27124,6780,0.0017304203851381313,8.3878425e-05,9.856641e-05,0.13202745,0.022685722,0.1264924,0.02257583,0.0055350442,0.00010989037
0.6104923321247145,0.03937784880399704,0.021611795,0.018382173,0.038602467719465496,0.021507606,0.017215751,154.19031064704654,27164,6790,0.0007753819627396297,0.00010418967,0.0011664206,0.0844988,0.031100836,0.08251755,0.03093834,0.001981262,0.00016249454
0.6512634722715318,0.048325428180396555,0.013233319,0.007077391,0.045327084884047505,0.013167972,0.0069281464,154.19721987909867,27204,6800,0.0029983430496940853,6.534673e-05,0.00014924619,0.16180323,0.030204222,0.14892755,0.030044176,0.012875675,0.00016004554
0.6598988227036184,0.04255138505250216,0.014069444,0.009156053,0.041941257379949096,0.014002568,0.009046971,154.20423653936595,27244,6810,0.0006101251012296415,6.6877554e-05,0.000109081244,0.09737853,0.03550873,0.095494986,0.03532092,0.001883546,0.00018780418
0.8261861649529905,0.055022033769637345,0.02060643,0.011134611,0.05350758731365203,0.020503312,0.010887074,154.2099038748302,27284,6820,0.0015144450153456999,0.000103117134,0.00024753867,0.1333032,0.032774158,0.12865523,0.032602653,0.00464794,0.00017150046
0.5311207011449801,0.0933155795559287,0.026603062,0.26659033,0.03471416160464287,0.026477579,0.007847389,154.2147950125873,27324,6830,0.0586014201573562,0.00012548258,0.25874293,0.08250941,0.020997748,0.081215575,0.020894812,0.0012938405,0.00010293413
0.5604306248382005,0.03452927488833666,0.028605226,0.0067993314,0.03417939506471157,0.028466295,0.0066810073,154.21841492262084,27364,6840,0.0003498799138469622,0.00013892651,0.000118323085,0.072741255,0.02809716,0.07164611,0.027959805,0.0010951392,0.00013735621
0.6154817590262694,0.03999854540452361,0.019020341,0.011884735,0.03936132844537496,0.018922836,0.011784255,154.22284672092553,27404,6850,0.0006372182899212932,9.750354e-05,0.0001004802,0.07642737,0.022516832,0.07489559,0.02241264,0.0015317851,0.00010419511
0.5444672802635746,0.03236135495826602,0.017629728,0.009404527,0.031790781859308476,0.017541735,0.009271766,154.22721579657303,27444,6860,0.0005705732601199998,8.7991546e-05,0.00013276273,0.09294789,0.024062812,0.09055988,0.023940597,0.0023880042,0.00012221528
0.7967529153461406,0.04807659061625601,0.017063048,0.00785325,0.04655455518513918,0.016978266,0.006385126,154.23097526822656,27484,6870,0.001522036035021301,8.4782136e-05,0.0014681235,0.08820236,0.019785566,0.085470416,0.01968327,0.0027319542,0.00010230014
0.6754246914498804,0.036290131695568564,0.020257588,0.0067925616,0.03441269313916564,0.020156482,0.0067011123,154.23509712911388,27524,6880,0.0018774395604850725,0.00010110575,9.144866e-05,0.10959012,0.025157541,0.099394366,0.025030604,0.010195755,0.00012693495
0.7884393718655973,0.04768051728606224,0.015350666,0.011775938,0.046382084954530015,0.015273925,0.011650279,154.2394469448257,27564,6890,0.0012984332155610901,7.6742144e-05,0.00012565937,0.13604762,0.015120679,0.13156584,0.015046741,0.004481782,7.39366e-05
0.6064864736642995,0.12333913231268526,0.025882034,0.38886365,0.03742879489436745,0.02575423,0.008881132,154.24421029383143,27604,6900,0.08591033286938911,0.00012780422,0.3799825,0.09157471,0.032584593,0.09007983,0.032405913,0.0014948861,0.00017867645
0.5638943859930686,0.029074132442474365,0.019647822,0.006108331,0.028790981881320475,0.0195508,0.006003361,154.2481723870681,27644,6910,0.0002831507590599358,9.701893e-05,0.000104968865,0.05978064,0.03946238,0.05895709,0.039275233,0.0008235496,0.00018714098
0.6130631112603279,0.042321787588298326,0.01527033,0.0084071085,0.0407965674996376,0.015195488,0.008324964,154.2514880991673,27684,6920,0.0015252220269758251,7.484247e-05,8.214243e-05,0.124675,0.032984633,0.11751988,0.032814853,0.0071551306,0.00016977654
0.6206520832321233,0.03549604583531618,0.021961467,0.008493421,0.03462252747267485,0.02184598,0.00832926,154.25515902100793,27724,6930,0.0008735179733776022,0.00011548806,0.00016415986,0.08993978,0.026037527,0.086869486,0.025906442,0.0030702956,0.0001310868
0.7043525921421779,0.0517163623124361,0.015263999,0.0067184945,0.04588413117453456,0.015182173,0.006618512,154.25940501917685,27764,6940,0.005832230986561626,8.182678e-05,9.998345e-05,0.107986316,0.019554157,0.093546756,0.019457605,0.014439556,9.655057e-05
0.6273315340105431,0.03117289263755083,0.017296622,0.012046572,0.030709055718034506,0.017207153,0.011911968,154.26294027808927,27804,6950,0.00046383713124669156,8.946831e-05,0.0001346033,0.083720595,0.024220217,0.08185278,0.024103781,0.0018678152,0.000116434705
0.832989821680088,0.05938085988163948,0.020016974,0.009415017,0.056838812120258805,0.019911695,0.009306955,154.2659131863015,27844,6960,0.0025420428733923476,0.00010527898,0.000108062646,0.16169843,0.027259804,0.1527703,0.02711793,0.00892813,0.00014187182
0.7313333802989787,0.036988902185112235,0.018111112,0.00827474,0.03639535252004862,0.018016152,0.00820605,154.2712343552846,27884,6970,0.0005935504097578815,9.4958625e-05,6.86906e-05,0.07875618,0.03868233,0.07659417,0.038476635,0.0021620137,0.0002056957
0.6140462147837765,0.03287049233913421,0.023692757,0.0094663,0.0325368127785623,0.023573432,0.009340339,154.27535057455773,27924,6980,0.0003336787849548273,0.000119327626,0.0001259589,0.067939624,0.027381238,0.06706292,0.027244918,0.00087670545,0.00013632211
0.6882297797062239,0.03714961111545562,0.015736425,0.009054386,0.03662520088255406,0.015651116,0.008956332,154.27847218146536,27964,6990,0.0005244110834610183,8.531012e-05,9.8053926e-05,0.07904691,0.03579413,0.07767741,0.035613693,0.0013694838,0.0001804357
0.6404190373745197,0.039424828626215457,0.012230125,0.00741072,0.03829755475744605,0.0121706715,0.007332035,154.28222694618907,28004,7000,0.00112727460473252,5.945243e-05,7.868333e-05,0.109463714,0.04566215,0.10433881,0.04542465,0.005124901,0.00023750003
0.5475283108246384,0.02557681780308485,0.020896815,0.006402801,0.025157623179256915,0.020797282,0.0058697998,154.2853853286499,28044,7010,0.0004191945590719115,9.9531164e-05,0.00053300074,0.05823514,0.030511282,0.057289563,0.030363865,0.00094557565,0.00014741556
0.918363599656035,0.06497187493368983,0.016403424,0.0074957632,0.05626871772110462,0.016318284,0.007393693,154.28836921641027,28084,7020,0.008703157304262278,8.513831e-05,0.000102069585,0.16622776,0.021250155,0.13965249,0.021140307,0.026575293,0.000109851
0.6195188267221292,0.0357942440547049,0.025384802,0.0074744355,0.035100749135017394,0.025259893,0.0072389916,154.29368484162566,28124,7030,0.000693495491577778,0.00012490927,0.00023544504,0.07595468,0.022774197,0.07417484,0.022658974,0.001779823,0.00011522374
0.8095796759019858,0.04834172753617167,0.030118942,0.009196066,0.04745665993541478,0.029976819,0.009042201,154.29701185007022,28164,7040,0.000885068291972857,0.0001421257,0.00015386712,0.11626618,0.038183562,0.11291639,0.03799113,0.0033498115,0.00019243252
0.8339448645148656,0.0772683922201395,0.0129309455,0.008987775,0.06136898100376131,0.012868328,0.008790141,154.30203082593994,28204,7050,0.015899415509193205,6.2618e-05,0.00019763576,0.22095685,0.04019789,0.16833661,0.039984196,0.05262022,0.00021369563
0.8068180729124442,0.05700824409723282,0.018122256,0.0078262035,0.05535716079175472,0.01803156,0.007729907,154.306558302909,28244,7060,0.001651082857279107,9.0695474e-05,9.629523e-05,0.1017957,0.03200897,0.098272994,0.031842567,0.0035227085,0.00016640348
0.7452012178245744,0.04980867402628064,0.018062912,0.0076040663,0.04642411163076759,0.017974922,0.007412933,154.31116409651284,28284,7070,0.0033845628437120475,8.799041e-05,0.0001911345,0.14331809,0.029090093,0.13023767,0.028935093,0.013080408,0.00015499997
0.7350939742180935,0.054585892520844934,0.02335395,0.0050893333,0.05261526899412274,0.023244318,0.005010788,154.3182502006152,28324,7080,0.0019706237362697725,0.00010963365,7.854667e-05,0.14137131,0.028208274,0.13504551,0.02807183,0.0063257897,0.00013644504
0.9283515449331803,0.08381801620125771,0.023902573,0.0089451475,0.07604871084913611,0.023788301,0.008853645,154.32501598283127,28364,7090,0.007769307462149299,0.00011426811,9.150261e-05,0.2178975,0.026597898,0.19422923,0.026458418,0.023668293,0.00013947769
0.7870479004409009,0.05171228535473347,0.024874005,0.01029637,0.04949390953406691,0.024752721,0.010125235,154.33275395650455,28404,7100,0.0022183748609677424,0.00012128635,0.00017113549,0.17416602,0.025616417,0.16361794,0.02549366,0.01054807,0.00012275946
0.7089127175629526,0.05525349248200655,0.023924645,0.00692925,0.05309525383636355,0.023812331,0.006852987,154.33986370322694,28444,7110,0.0021582382716587743,0.00011231545,7.6262135e-05,0.14986835,0.041744057,0.1416495,0.04153356,0.008218848,0.00021049469
0.6251665839005675,0.033380013983696694,0.016289046,0.009187119,0.03283304190263152,0.016207742,0.009083297,154.344960368653,28484,7120,0.000546971766380011,8.130261e-05,0.00010382223,0.07514341,0.040083975,0.073470294,0.039872825,0.0016731111,0.00021114902
0.5936928939005273,0.02578638773411512,0.020799058,0.007218701,0.025503590423613786,0.02069065,0.007092024,154.35051831567858,28524,7130,0.000282797545514768,0.00010840493,0.00012667707,0.059586197,0.022284975,0.058735102,0.022168536,0.00085108785,0.00011643738
0.66243036397794,0.04754981277510524,0.01815111,0.01017873,0.04499200265854597,0.018061953,0.010083147,154.35540376859063,28564,7140,0.002557809688732959,8.915589e-05,9.5583586e-05,0.15291968,0.02349545,0.1418888,0.023380492,0.011030873,0.00011495714
0.6556973144449164,0.036941536236554384,0.023834098,0.0077244937,0.03625569716095924,0.023715269,0.0076165684,154.36051940724306,28604,7150,0.0006858384324004874,0.000118828124,0.0001079251,0.06921764,0.024022458,0.067470364,0.023908228,0.0017472642,0.000114231254
0.6409925938306615,0.03083091266453266,0.016243005,0.00794846,0.03029633550904691,0.016159797,0.007851219,154.3639696746786,28644,7160,0.0005345773170120083,8.32077e-05,9.7240256e-05,0.08816856,0.025348734,0.08589944,0.025222817,0.0022691332,0.00012591318
0.6558816608028735,0.04620241783559322,0.017704565,0.0067611225,0.04508797358721495,0.01762112,0.006648074,154.367182937542,28684,7170,0.0011144442119984887,8.3442974e-05,0.000113048474,0.11939827,0.037662692,0.11530865,0.03748213,0.004089611,0.00018055615
0.758314357078497,0.06147302873432637,0.017751373,0.005454808,0.05754654966294766,0.017659523,0.0053769844,154.37249687284165,28724,7180,0.0039264810337044775,9.185342e-05,7.782342e-05,0.13462001,0.017966239,0.12493185,0.017876113,0.009688164,9.0122645e-05
0.9250885577080873,0.17972734104841948,0.030023415,0.18990944,0.07878916431218386,0.029876782,0.010344328,154.37685594849452,28764,7190,0.10093817570304964,0.00014663624,0.17956512,0.30316758,0.026075011,0.17777254,0.025940888,0.12539515,0.00013412352
0.835508803945709,0.05592862442135811,0.031774655,0.008079375,0.05439268071204424,0.031614963,0.007882742,154.38023310491172,28804,7200,0.001535945355135482,0.00015969407,0.00019663371,0.16112189,0.050191548,0.15432811,0.0499167,0.0067937933,0.0002748511
0.8399957865585718,0.05780799631029368,0.021050386,0.009918314,0.056414812058210376,0.020947726,0.009722278,154.38431726239466,28844,7210,0.0013931839792348912,0.00010266151,0.00019603572,0.14463858,0.03987634,0.13959199,0.03967232,0.0050465707,0.00020400895
0.6061754054631504,0.03189777210354805,0.030191671,0.009754563,0.03153340192511678,0.030049924,0.009632184,154.38883518540158,28884,7220,0.00036437113158171996,0.00014174364,0.0001223785,0.082320206,0.03129178,0.08089338,0.031127812,0.0014268238,0.00016396766
0.6128074657282334,0.04001251254230738,0.019292733,0.008455664,0.03941704723984003,0.019192537,0.008300207,154.39468032285296,28924,7230,0.0005954657666734421,0.00010019867,0.00015545747,0.108614154,0.02803788,0.106432095,0.027896496,0.0021820564,0.0001413869
0.5749328943663449,0.045006729476153855,0.01395029,0.008068903,0.04347126837819815,0.013876664,0.007987204,154.3994415104019,28964,7240,0.001535462270840071,7.362683e-05,8.16993e-05,0.107053205,0.02926999,0.10218967,0.029120231,0.0048635467,0.00014976482
0.5625523995460572,0.03766039088368416,0.017123805,0.009098256,0.03700778763741255,0.017040722,0.009020124,154.4024064967671,29004,7250,0.0006526040000608191,8.308148e-05,7.813289e-05,0.07892794,0.030105643,0.07685551,0.029956643,0.0020724183,0.00014900572
0.6187444205598854,0.030822863336652517,0.016155174,0.007819397,0.029838752374052993,0.016068304,0.0077086203,154.40683581175014,29044,7260,0.0009841120765486267,8.686973e-05,0.00011077893,0.07862596,0.02927193,0.075017326,0.02912885,0.0036086405,0.00014308005
0.5808850647690914,0.03160173650830984,0.024334652,0.009525973,0.031237955577671526,0.024214903,0.009428636,154.410434740227,29084,7270,0.0003637811852968298,0.000119751116,9.733688e-05,0.06511635,0.021255009,0.0640883,0.0211388,0.0010280481,0.00011620905
0.7460441571349667,0.050023168325424194,0.01765141,0.009196363,0.048006442934274675,0.017565198,0.009022233,154.412727491839,29124,7280,0.0020167251175735148,8.620907e-05,0.00017413149,0.14542904,0.027815865,0.13776629,0.02767204,0.007662734,0.00014382634
0.7858743440872575,0.042170187644660476,0.024399795,0.006868717,0.041228013671934606,0.024281412,0.006761585,154.41595098933203,29164,7290,0.0009421743998245802,0.00011838607,0.00010713216,0.107675225,0.034857903,0.10354563,0.034680735,0.0041296035,0.00017717121
0.5768239913063989,0.03310808120295405,0.017802902,0.0065477057,0.03278530482202769,0.017715521,0.006398272,154.41925380212746,29204,7300,0.0003227767141652294,8.737972e-05,0.00014943357,0.0744479,0.032194655,0.07355773,0.032037504,0.00089017296,0.00015714418
0.5659482794383721,0.03163453955203295,0.02019878,0.007814025,0.031201038882136347,0.020096555,0.0077120718,154.42332256256879,29244,7310,0.00043350041960366076,0.00010222238,0.00010195286,0.08009889,0.02515893,0.078552455,0.025033424,0.0015464467,0.00012550129
0.5428042050452666,0.0347107014618814,0.020044295,0.008174229,0.03379086842760445,0.01993966,0.008027976,154.4260409885783,29284,7320,0.0009198325671604836,0.00010463863,0.00014625283,0.11495346,0.034789808,0.11033772,0.034610584,0.004615734,0.00017922008
0.6153544713484813,0.038185304217040535,0.01401677,0.008134809,0.03761879242956639,0.01394903,0.007997537,154.43003426519368,29324,7330,0.0005665119140758179,6.77386e-05,0.0001372726,0.080228955,0.03653005,0.078655094,0.03633716,0.0015738694,0.00019289399
0.5680337907507289,0.028906395426020026,0.016295759,0.0058421623,0.028604905121028423,0.0162089,0.0057610455,154.43451951475947,29364,7340,0.0003014897520188243,8.685912e-05,8.111648e-05,0.07673194,0.035713688,0.075650424,0.0355281,0.0010815244,0.00018558376
0.6247319358169799,0.03537811292335391,0.019737395,0.0073718047,0.03459521913900972,0.019634895,0.007265251,154.43736124478454,29404,7350,0.0007828951456758658,0.00010250002,0.000106552936,0.08797425,0.02752745,0.08488287,0.027398434,0.003091374,0.00012901153
0.5353629675653601,0.030340723600238564,0.017045578,0.008876021,0.029781209118664272,0.016962165,0.008717837,154.43962216158394,29444,7360,0.0005595138871285598,8.341334e-05,0.00015818568,0.09742406,0.028508049,0.094841905,0.028370725,0.0025821528,0.00013732085
0.8619090132314783,0.0971862304955721,0.013852664,0.007539362,0.05617050714790821,0.013782399,0.0073989336,154.44275723001323,29484,7370,0.04101572603976819,7.026529e-05,0.00014043055,0.4207738,0.03303854,0.21621232,0.032875393,0.20456152,0.00016314937
0.5508613773246417,0.03464607214555144,0.019320607,0.00819749,0.033676451072096825,0.019215336,0.008037246,154.4473022775698,29524,7380,0.0009696207700471859,0.00010527302,0.00016024326,0.13900036,0.033018027,0.13223602,0.03284535,0.006764333,0.00017266673
0.6504353369559959,0.048219228442758326,0.014072351,0.007828522,0.0458190206438303,0.014002778,0.007718769,154.45087102754695,29564,7390,0.002400208339895471,6.957427e-05,0.00010975268,0.13546449,0.022324402,0.12698275,0.022209208,0.008481717,0.000115191324
0.5340296860847853,0.0369770617224276,0.01833667,0.008777748,0.03614616189152002,0.018244445,0.008599116,154.45371417042293,29604,7400,0.0008308995093102567,9.222819e-05,0.00017863122,0.10985734,0.026035937,0.10662873,0.025910987,0.003228593,0.00012494999
0.7006249777872905,0.04198427237570285,0.020902863,0.008243109,0.040679741930216555,0.020792965,0.008108732,154.45823347846746,29644,7410,0.0013045296786003747,0.00010989727,0.0001343781,0.12029177,0.030682132,0.11494109,0.030533466,0.005350685,0.00014866579
0.5199385564927802,0.024113715905696158,0.01521087,0.0058931685,0.023730644676834344,0.015130705,0.005787189,154.46225136853766,29684,7420,0.0003830724261206342,8.016461e-05,0.000105980056,0.07236615,0.020677978,0.07062005,0.02057596,0.0017460887,0.00010201882
0.6458225571075438,0.05052992524579167,0.012408061,0.01237502,0.046990416105836624,0.012346082,0.012269922,154.46453502019924,29724,7430,0.0035395082104514586,6.197736e-05,0.000105097664,0.24834387,0.021529553,0.22523049,0.021423073,0.023113389,0.00010648133
0.5275260492536716,0.01957854311913252,0.01657293,0.0057741506,0.019347304105758665,0.01649083,0.0054558096,154.46715166844442,29764,7440,0.0002312391919986113,8.2102175e-05,0.0003183416,0.037026647,0.03434524,0.036587384,0.03415805,0.00043925788,0.00018718834
0.5133969424480522,0.032010429957881566,0.019166378,0.0058725923,0.03139161407016218,0.019069534,0.005746745,154.4684882079722,29804,7450,0.0006188170591485687,9.684396e-05,0.00012584658,0.11891072,0.030802429,0.11551594,0.030648565,0.0033947842,0.00015386577
0.5305347417514155,0.029955472052097313,0.017033627,0.005913187,0.029608864709734915,0.016950212,0.005815957,154.46969068721677,29844,7460,0.0003466076916083694,8.341489e-05,9.722963e-05,0.06395319,0.021313878,0.06302361,0.02120413,0.00092957314,0.000109744375
0.6917905493382476,0.06536075677722693,0.016610794,0.009567667,0.05179642587900162,0.016520843,0.009413649,154.47287842390207,29884,7470,0.013564329647488193,8.9952286e-05,0.00015401779,0.20848136,0.027779296,0.15463981,0.027632404,0.05384154,0.00014689325
0.7833319251250589,0.04605533247813583,0.017426824,0.013308461,0.04438292812556028,0.017338602,0.012739442,154.4771830257874,29924,7480,0.0016724029192118905,8.822391e-05,0.00056901807,0.108618,0.02765236,0.10368974,0.027510956,0.0049282713,0.00014140764
0.6004542927939301,0.04249507356435061,0.01868915,0.0066617746,0.041810364834964274,0.018593198,0.006575512,154.4824596847383,29964,7490,0.0006847086115158163,9.595109e-05,8.626292e-05,0.09735487,0.02762388,0.09531846,0.027492044,0.0020364083,0.00013183363
0.7677896922490626,0.058314741961658,0.018355537,0.005279176,0.05656386967748404,0.018256454,0.005174995,154.48724941134324,30004,7500,0.0017508736709714867,9.90855e-05,0.00010418138,0.11692119,0.0298036,0.112735435,0.029645963,0.0041857515,0.00015764081
0.6616525137307648,0.04731096625328064,0.018968515,0.006515705,0.04509726334363222,0.018872913,0.0063182255,154.49325147075905,30044,7510,0.0022137043721158992,9.560234e-05,0.00019747904,0.123060964,0.028402627,0.11540464,0.028262243,0.0076563237,0.0001403846
0.6607263361263754,0.03680227221921085,0.023512788,0.008183975,0.03616075096651912,0.02340253,0.008035821,154.4993240472128,30084,7520,0.0006415218711481429,0.000110257715,0.00014815366,0.07399946,0.032293633,0.072183736,0.03213826,0.00181572,0.00015537546
0.5721385295471885,0.03021415192633867,0.02456119,0.007376954,0.0296925624832511,0.024444947,0.007185827,154.5037725886773,30124,7530,0.0005215889494138538,0.00011623876,0.00019112739,0.06381316,0.02854215,0.06218459,0.028406708,0.0016285701,0.00013544163
0.6563022754436557,0.030587521195411683,0.013406568,0.009271654,0.03015212304890156,0.013336031,0.00916188,154.50764529054845,30164,7540,0.00043539881953620353,7.053787e-05,0.000109770874,0.062197927,0.036564574,0.06093984,0.03638491,0.0012580919,0.00017965806
0.7240880425009967,0.0541578209027648,0.019983033,0.009577461,0.05151900406926871,0.019886933,0.009468637,154.51071569511765,30204,7550,0.0026388177102489863,9.609923e-05,0.00010882108,0.13013329,0.036281444,0.12092316,0.03608782,0.00921013,0.00019362337
0.48369632965887005,0.027375821582972998,0.023467049,0.008715119,0.02692142557352781,0.023350347,0.008503883,154.51310924985464,30244,7560,0.00045439624664140866,0.00011669855,0.000211237,0.06121828,0.02555827,0.05974182,0.025431335,0.0014764724,0.0001269347
0.6198001010519271,0.044943418167531494,0.015512686,0.0077156406,0.04405685812234878,0.015437628,0.0076159732,154.51434564730476,30284,7570,0.000886559398350073,7.506076e-05,9.966665e-05,0.08033032,0.029836223,0.078479074,0.029675812,0.001851222,0.00016041074
0.8225715716881926,0.06961520900949834,0.017699702,0.0053429254,0.06508122142404318,0.017613722,0.0052483478,154.516970742439,30324,7580,0.004533989426272456,8.597885e-05,9.457866e-05,0.16520627,0.030043222,0.15328927,0.029875569,0.0119169615,0.00016765129
0.6338722613071917,0.040170076908543705,0.022383492,0.006011577,0.03837849907577038,0.022275798,0.0055014016,154.52181980122182,30364,7590,0.0017915802076458932,0.00010769564,0.00051017513,0.13528459,0.022698008,0.12738426,0.022578,0.00790032,0.000120004835
0.839910125831826,0.05401631407439709,0.019826774,0.008823559,0.05119423680007457,0.019728795,0.008726254,154.52714861412284,30404,7600,0.0028220772444910833,9.79776e-05,9.7303695e-05,0.11619269,0.027506607,0.10834276,0.027368553,0.007849923,0.00013805013
0.7219274390904914,0.060013699624687444,0.017928807,0.007003999,0.054873105324804786,0.01783185,0.006937227,154.5332478334753,30444,7610,0.005140594668773701,9.695824e-05,6.677068e-05,0.17363603,0.028100198,0.15520848,0.027956117,0.018427547,0.0001440802
0.5463496305383684,0.030529559962451453,0.019961433,0.008036193,0.030233448185026646,0.019852834,0.007959276,154.53730228440102,30484,7620,0.0002961128266179003,0.00010860216,7.69176e-05,0.06558994,0.028530678,0.064728834,0.028392848,0.00086110283,0.0001378288
0.5806422593271378,0.0322969364002347,0.012829364,0.004932253,0.03195546250790358,0.0127658285,0.0048606913,154.540893419626,30524,7630,0.00034147475453210057,6.35334e-05,7.156164e-05,0.06545241,0.03912975,0.0645498,0.038943175,0.0009026253,0.00018657392
0.6797989091250993,0.04909927565604448,0.015419962,0.009588526,0.04592572432011366,0.015344633,0.009451113,154.54537378882412,30564,7640,0.0031735535376355983,7.5327465e-05,0.00013741288,0.15752336,0.029825041,0.14385664,0.029669765,0.013666712,0.00015527474
0.7781833836921956,0.04912255890667439,0.014297376,0.0065981196,0.047899290546774866,0.014225279,0.006470651,154.5495288598737,30604,7650,0.0012232658482389525,7.2096474e-05,0.0001274678,0.10860391,0.03484926,0.10508421,0.034682035,0.0035196876,0.00016721968
0.6802479283855405,0.053147705551236865,0.01874755,0.007047704,0.04788869889453053,0.018650318,0.006914251,154.55474082759582,30644,7660,0.005259006095730001,9.723189e-05,0.0001334536,0.19791955,0.02588038,0.17210549,0.025749372,0.025814075,0.00013100832
0.5816347244536277,0.035901515372097494,0.014131301,0.0063280216,0.03536273585632443,0.014060097,0.0062470213,154.55956129185478,30684,7670,0.0005387793251429685,7.120555e-05,8.1000144e-05,0.082887314,0.023254879,0.08130371,0.02313954,0.0015836145,0.00011533988
0.6362722839051539,0.031150476075708866,0.020707278,0.008764007,0.03081817701458931,0.020598534,0.008631802,154.56426654645503,30724,7680,0.00033229888649657365,0.00010874189,0.00013220405,0.07625448,0.03195731,0.07497155,0.031792704,0.0012829404,0.00016460742
0.6622487268889683,0.04385551223531366,0.024774453,0.004566221,0.037741836905479435,0.024649955,0.0044571026,154.56765290892693,30764,7690,0.006113676553650293,0.0001244991,0.00010911823,0.18155861,0.027509991,0.14151624,0.027361734,0.040042352,0.00014825312
0.550859269986619,0.037464074697345494,0.021298436,0.006450355,0.03702549040317536,0.02119325,0.0063653346,154.5719278523712,30804,7700,0.00043858494536834773,0.000105182946,8.502012e-05,0.08158957,0.027341072,0.08030565,0.02719497,0.0012839143,0.00014610066
0.7963423094631107,0.07520141415297986,0.013023142,0.006758355,0.0685713740065694,0.012958043,0.006662674,154.57585097457596,30844,7710,0.006630037655850175,6.509919e-05,9.568102e-05,0.19877852,0.033428002,0.1785861,0.033246577,0.0201924,0.00018142634
0.6158180760205001,0.03800903707742691,0.016461618,0.0054106177,0.036798819527029986,0.016377691,0.005249193,154.5803899958575,30884,7720,0.0012102173714083617,8.3926716e-05,0.00016142585,0.14886065,0.024926066,0.1425271,0.02479535,0.006333541,0.00013071886
0.6091806752539722,0.037400892563164236,0.020512527,0.005891503,0.0367014467716217,0.020415358,0.0057668276,154.58549730923482,30924,7730,0.0006994444149313493,9.717053e-05,0.00012467569,0.081520095,0.03209866,0.079486184,0.03194064,0.0020338984,0.00015802232
0.6309372519179577,0.030981823522597554,0.013594555,0.008300459,0.030631084367632865,0.013522931,0.008195762,154.589525050194,30964,7740,0.0003507385874399916,7.162553e-05,0.00010469615,0.07617235,0.025330525,0.07507008,0.025202857,0.001102272,0.00012766778
0.4538519488873885,0.01816454632207751,0.018427042,0.0072410554,0.018041385523974895,0.01833204,0.007129363,154.59405528580626,31004,7750,0.00012316139400354588,9.5002906e-05,0.000111691515,0.031842455,0.021235686,0.031557772,0.021123962,0.0002846823,0.00011172786
0.6896741976294861,0.03754088887944819,0.015656756,0.01356063,0.03705988368019462,0.015584556,0.013382225,154.5976083066635,31044,7760,0.0004810057900613175,7.2200455e-05,0.00017840404,0.082330376,0.03478929,0.080850385,0.034616064,0.0014799866,0.00017322681
0.7963368933140279,0.04234973136335612,0.01904119,0.011565656,0.04161387141793966,0.01894588,0.011422468,154.60119951136008,31084,7770,0.0007358597722486593,9.530946e-05,0.00014318591,0.090433076,0.034828164,0.08831244,0.034653723,0.002120651,0.00017443666
0.7186024731163281,0.04552288670092822,0.012937188,0.004694149,0.043214389868080606,0.012869914,0.0041684285,154.60337246086755,31124,7780,0.0023084967928298284,6.727475e-05,0.00052572123,0.10097296,0.02245033,0.09522391,0.022333667,0.005749043,0.00011666405
0.711955344925424,0.04665441848337651,0.01570448,0.0064453627,0.045707523636519906,0.015624801,0.0063641556,154.60655247402963,31164,7790,0.0009468956617638465,7.968063e-05,8.1207e-05,0.097001605,0.024965823,0.094646275,0.02483199,0.002355334,0.00013383958
0.6795325941762058,0.045081128925085055,0.020548133,0.005950195,0.04372695833444595,0.0204423,0.0057648327,154.60975852709493,31204,7800,0.0013541703345254063,0.00010583122,0.0001853624,0.10900276,0.025206832,0.104815654,0.02507896,0.004187107,0.00012787477
0.5732883611194831,0.024894496891647577,0.019230504,0.008656455,0.024645329825580126,0.019133614,0.008347421,154.61252286656574,31244,7810,0.0002491679922968615,9.6890806e-05,0.00030903277,0.05676534,0.022432657,0.056189608,0.022321872,0.00057572976,0.00011078644
0.5880499481256756,0.03418199867010117,0.01862304,0.008599381,0.03372686244547367,0.018529266,0.008518737,154.61575656939644,31284,7820,0.0004551355930743739,9.37723e-05,8.064441e-05,0.11773603,0.026482591,0.11531811,0.026346968,0.002417928,0.00013562205
0.6803192943494669,0.04744148999452591,0.022975381,0.008241592,0.046288194414228205,0.022861512,0.00812602,154.6199394970132,31324,7830,0.001153296167467488,0.00011386722,0.000115572366,0.14885539,0.0361912,0.14361627,0.0360153,0.005239092,0.00017590208
0.766358147266295,0.06411302946507931,0.02458528,0.01150362,0.0565432470291853,0.024457851,0.011385874,154.62492312451536,31364,7840,0.0075697820211644284,0.00012742875,0.000117746706,0.14309211,0.030263774,0.12171448,0.030096523,0.021377608,0.00016725059
0.7210761367323786,0.04520213082432747,0.016701937,0.009955578,0.04137564040720463,0.016622081,0.00980259,154.63146326141367,31404,7850,0.0038264889699348714,7.985497e-05,0.0001529887,0.1589546,0.025917785,0.14029987,0.02579475,0.018654745,0.00012303637
0.5814671865182172,0.033751798607409005,0.017578885,0.013170401,0.03308026771992445,0.017491931,0.01301014,154.63762925482007,31444,7860,0.0006715309980791063,8.694943e-05,0.00016026001,0.0999665,0.035057724,0.09624337,0.03488837,0.0037231361,0.00016934433
0.507023901615769,0.02856604186818003,0.025011217,0.008596035,0.028309423476457596,0.02488513,0.008492956,154.64709451438833,31484,7870,0.0002566192932135891,0.00012609018,0.00010308006,0.057241753,0.029766219,0.056591034,0.029600987,0.00065072393,0.00016522699
0.7908488319062027,0.07668370921164751,0.018717915,0.0047997655,0.06598762152716517,0.01862743,0.0041185785,154.65564838421173,31524,7880,0.010696089005796236,9.048755e-05,0.00068118784,0.34620178,0.029746333,0.28647038,0.02960046,0.059731387,0.0001458748
0.5899143292885632,0.050480269920080895,0.0155945085,0.006240351,0.048248307965695854,0.0155185135,0.006123356,154.66184944912376,31564,7890,0.002231961415236583,7.599443e-05,0.00011699513,0.12863362,0.020397455,0.121972844,0.020290552,0.006660781,0.000106902015
0.7368143544791006,0.048507644794881344,0.030024774,0.006458543,0.04738362822681665,0.029884376,0.006367843,154.6663540918148,31604,7900,0.0011240167455980556,0.00014039584,9.0698835e-05,0.107317194,0.030052733,0.1038751,0.029902201,0.0034421259,0.00015053373
0.6079361960889937,0.03274549786001444,0.026612682,0.007074202,0.032337368559092285,0.026483996,0.0069659986,154.66887339075174,31644,7910,0.0004081297316588461,0.00012868427,0.000108203574,0.07660229,0.024783442,0.07532878,0.02465699,0.001273501,0.00012644974
0.5191444453248949,0.022018649429082868,0.011319303,0.007317611,0.021810247190296648,0.011259884,0.007237776,154.67167071099885,31684,7920,0.00020840222641709257,5.9417544e-05,7.983416e-05,0.058574352,0.023753515,0.057802793,0.023635022,0.0007715649,0.00011849592
0.6228783968857086,0.03942248076200485,0.01751706,0.008421998,0.03846725001931191,0.017425332,0.008308267,154.674678912003,31724,7930,0.0009552311516017655,9.1726375e-05,0.00011372992,0.088375054,0.022629682,0.08565733,0.02251771,0.0027177236,0.00011196992
0.5819767920506181,0.029463323019444942,0.020225951,0.008890921,0.029081941023468973,0.020123042,0.0087868925,154.67889106928536,31764,7940,0.0003813827643170953,0.00010291363,0.00010402812,0.06773839,0.022607915,0.06653751,0.022486659,0.0012008885,0.00012125828
0.4615594626231375,0.026178339542821043,0.024073135,0.00698452,0.025791531242430207,0.023960026,0.0065406025,154.68120453292596,31804,7950,0.00038680758443661035,0.0001131098,0.0004439182,0.07670965,0.028718337,0.075698815,0.028575389,0.0010108453,0.00014295023
0.59071298392229,0.03506245808675885,0.014611162,0.006446394,0.03196901576593518,0.014541602,0.005231524,154.68130580464987,31844,7960,0.0030934436414099768,6.9561305e-05,0.0012148701,0.09525306,0.026790066,0.084518895,0.026657654,0.01073416,0.00013240571
0.7005379118122501,0.05316693689674138,0.018817926,0.008371534,0.05059876050800085,0.018723944,0.008132527,154.68453607540516,31884,7970,0.0025681766383058857,9.398102e-05,0.00023900598,0.20525551,0.032153413,0.19134904,0.031995572,0.013906459,0.00015784468
0.5551648867863916,0.027575754188001157,0.014827358,0.0068541155,0.027301959693431854,0.0147519745,0.0067821643,154.68962623472888,31924,7980,0.00027379437815397976,7.5386364e-05,7.195082e-05,0.058201313,0.033586483,0.057454675,0.033413287,0.000746642,0.00017319695
0.5897082631816513,0.032070975704118605,0.01812167,0.0073447917,0.030294610559940337,0.018031655,0.0072522173,154.6913269620159,31964,7990,0.00177636651424109,9.001351e-05,9.257397e-05,0.084427476,0.018504957,0.07760675,0.018397601,0.0068207234,0.00010735868
0.5037698473651497,0.030634390655905012,0.018373676,0.009894119,0.030119494535028934,0.018278278,0.009791657,154.69281006147037,32004,8000,0.0005148953176103532,9.539704e-05,0.00010246064,0.07408634,0.03098345,0.07171467,0.030821083,0.0023716646,0.00016237004
0.6037103411045625,0.04077196791768074,0.023915537,0.0060476935,0.03980109440162778,0.02379971,0.00597213,154.69492345537523,32044,8010,0.0009708714933367446,0.00011582929,7.556244e-05,0.09289567,0.017430978,0.09010495,0.017347325,0.0027907002,8.365467e-05
0.6048433184503204,0.02816016422584653,0.023761485,0.0074289297,0.02766747772693634,0.023642726,0.00732911,154.69769972495058,32084,8020,0.0004926864872686565,0.00011875161,9.981992e-05,0.08739357,0.02767579,0.08476597,0.02753821,0.0026275977,0.00013758107
0.6822660486144784,0.03955675028264523,0.023107793,0.0089876,0.03788104830309749,0.022999082,0.0087201735,154.70187609028736,32124,8030,0.0016757021032390185,0.00010871166,0.0002674256,0.098221816,0.02463445,0.092612095,0.02451522,0.0056097237,0.000119231765
0.631909831535478,0.033411877974867825,0.01657943,0.0064114565,0.03280572565272451,0.016494963,0.0063199033,154.707157164541,32164,8040,0.0006061524807591922,8.446797e-05,9.155359e-05,0.0917778,0.02210642,0.08962804,0.0219992,0.0021497614,0.000107218395
0.728162713948693,0.04252719301730394,0.026379922,0.008678624,0.041413995623588565,0.026245994,0.008554346,154.7113567222701,32204,8050,0.0011131979350466282,0.00013392478,0.00012427839,0.13095523,0.022454932,0.1259014,0.022333704,0.0050538382,0.00012122853
0.6619845015473675,0.03347296752035618,0.011138478,0.008571937,0.03298775386065245,0.011080164,0.008345807,154.71267436864142,32244,8060,0.00048521445132791995,5.8312915e-05,0.00022612925,0.06673587,0.029181935,0.0657014,0.029039633,0.0010344682,0.00014230037
0.6378553486003598,0.03356605339795351,0.015657268,0.0057334346,0.032823646906763315,0.015578281,0.005634186,154.7136559177991,32284,8070,0.0007424060626362917,7.898872e-05,9.924754e-05,0.091501735,0.025887225,0.088585384,0.025746873,0.0029163666,0.00014035082
0.6505200520113925,0.038694556802511215,0.021909766,0.009648906,0.03821550030261278,0.02179762,0.009545177,154.717044390314,32324,8080,0.000479056660697097,0.0001121518,0.00010372699,0.083269626,0.03608066,0.08175519,0.035903,0.0015144497,0.00017766205
0.7402353166504929,0.043467322597280145,0.018879136,0.0053819707,0.0424980441108346,0.01877574,0.0052818777,154.72196997975732,32364,8090,0.0009692765524960123,0.000103397164,0.00010009242,0.10929097,0.029926307,0.1060804,0.029774316,0.003210574,0.00015199496
0.6261443478780906,0.03785301530733704,0.014780667,0.0065012546,0.03574881888926029,0.0147050675,0.006061957,154.72584812965727,32404,8100,0.002104197531298269,7.5597316e-05,0.00043929627,0.10460241,0.023798045,0.096793704,0.023673411,0.0078087295,0.00012463305
0.6814356279213223,0.03476584535092115,0.025721505,0.008650059,0.03413207698613406,0.025595482,0.008553162,154.7307987753028,32444,8110,0.0006337675018585287,0.00012602187,9.6896154e-05,0.07989312,0.02825533,0.07750556,0.028109483,0.0023875663,0.00014584528
0.5680550843897308,0.0387003486044705,0.015923074,0.007494669,0.0374538691714406,0.015842045,0.007395192,154.73404488009572,32484,8120,0.0012464791740057991,8.102564e-05,9.947472e-05,0.09243561,0.03394149,0.08820227,0.033778246,0.004233325,0.00016323832
0.574619735601548,0.03170097107067704,0.016747992,0.008006217,0.03135938690975308,0.016662244,0.007878753,154.73649172080601,32524,8130,0.00034158486523665487,8.574685e-05,0.00012746314,0.06531321,0.023521636,0.06449685,0.023396064,0.0008163448,0.00012556996
0.6774553094140122,0.04288421105593443,0.01392288,0.01185692,0.04187152683734894,0.013854988,0.011757121,154.7407918086675,32564,8140,0.0010126839806616774,6.789144e-05,9.979783e-05,0.10080231,0.037730113,0.09786803,0.03754145,0.0029342761,0.00018866503
0.7395548034462776,0.06136245643720031,0.015374837,0.014912346,0.05414930367842317,0.015295095,0.014717267,154.7460704110621,32604,8150,0.007213153225166025,7.974267e-05,0.00019508098,0.22747143,0.027654577,0.19195978,0.027514191,0.035511658,0.00014038479
0.5850176103942946,0.05777262300252914,0.017425999,0.007269097,0.048277546558529144,0.017337536,0.007183559,154.75059979141284,32644,8160,0.009495076192251872,8.8464236e-05,8.5537766e-05,0.17661494,0.022608303,0.13894764,0.022488993,0.037667308,0.000119314296
0.6209567725019746,0.030476767569780357,0.020784562,0.007166812,0.029986405372619627,0.020674346,0.0070251934,154.754588784549,32684,8170,0.0004903621833364013,0.00011021652,0.00014161997,0.07165599,0.022678502,0.07006177,0.022561792,0.0015942039,0.00011670634
0.7266511235310691,0.1353939026594162,0.01846065,0.11853002,0.05534970872104168,0.018369244,0.005760959,154.75906337760884,32724,8180,0.08004420308716363,9.140707e-05,0.11276908,0.4462838,0.025199728,0.21547702,0.025076214,0.23080677,0.000123514
0.6834991528182939,0.10748370187357068,0.018093487,0.29828763,0.033849241118878125,0.017998183,0.0063818227,154.76390459565766,32764,8190,0.0736344555087271,9.530765e-05,0.29190585,0.08580495,0.027748728,0.08340463,0.027612342,0.0024003217,0.00013638794
0.5602947320975002,0.025447059888392687,0.0060545877,0.008400127,0.02511901538819075,0.0060214093,0.008297491,154.76787903803063,32804,8200,0.0003280434350017458,3.317716e-05,0.000102636914,0.048006114,0.022546802,0.047236826,0.022434158,0.0007692759,0.000112644484
0.7779380799989746,0.038386189937591554,0.02693766,0.006739163,0.037758002523332834,0.026801331,0.0065966416,154.77074085668158,32844,8210,0.0006281870497332418,0.0001363299,0.00014252179,0.082708575,0.033572823,0.08082285,0.033383768,0.0018857211,0.00018905297
0.7150488315757235,0.051151628606021404,0.028020583,0.006896899,0.046894549019634725,0.02788397,0.00677322,154.7740109899304,32884,8220,0.00425708080874756,0.0001366169,0.00012367869,0.17215359,0.030353494,0.15142523,0.030195063,0.020728352,0.00015843009
0.7932949279978267,0.055618694704025994,0.014788671,0.0048146453,0.05355723928660154,0.014715132,0.004729222,154.77717512065632,32924,8230,0.0020614548073353946,7.353941e-05,8.5422944e-05,0.1883988,0.026657218,0.17957844,0.026517874,0.008820369,0.00013934399
0.6824976539350136,0.04454181026667356,0.01703229,0.0054367813,0.04307475532405079,0.01694394,0.005349691,154.7802008653139,32964,8240,0.001467055204557255,8.8349036e-05,8.709044e-05,0.11859739,0.032848768,0.11354381,0.03268263,0.0050535807,0.00016614099
0.6977187656628554,0.03686357010155916,0.01717612,0.008233772,0.03625484304502607,0.01709072,0.008147015,154.78293756072148,33004,8250,0.0006087279369239695,8.540463e-05,8.675527e-05,0.09847501,0.028521093,0.09634414,0.02837807,0.002130849,0.00014302123
0.4595774967783959,0.02305515259504318,0.01625285,0.0063592773,0.02283696783706546,0.016167553,0.00624627,154.78552498094749,33044,8260,0.00021818425266246778,8.5293446e-05,0.00011300655,0.07783155,0.02355564,0.076815285,0.023434754,0.0010162713,0.00012088333
0.5163632889899361,0.03014358086511493,0.020455156,0.012359127,0.029765268415212633,0.02035074,0.012195136,154.78807518806713,33084,8270,0.00037831232766620814,0.0001044125,0.00016399234,0.09337451,0.027876623,0.0913077,0.027733052,0.0020668127,0.0001435692
0.5504027027170958,0.032608209550380705,0.016826726,0.0058114384,0.03199299471452832,0.016741615,0.0057490547,154.79245489933487,33124,8280,0.000615216313599376,8.511146e-05,6.238322e-05,0.08547424,0.028083663,0.08306996,0.027944917,0.0024042653,0.00013874781
0.5649491941815773,0.0358958494849503,0.02077251,0.0055597965,0.03424070049077273,0.020666655,0.005475897,154.79827069434944,33164,8290,0.001655148411373375,0.000105855754,8.389928e-05,0.17468008,0.019732751,0.16211787,0.019634435,0.012562212,9.831375e-05
0.6182097831264259,0.0467450076714158,0.019290969,0.009279081,0.04359233109280467,0.01919599,0.009176071,154.80268940312033,33204,8300,0.003152674504235619,9.49744e-05,0.00010300903,0.16946672,0.017977225,0.15409149,0.017882884,0.015375231,9.433867e-05
0.4683744369827026,0.03054440747946501,0.018951768,0.008884969,0.03023442942649126,0.018859008,0.008782364,154.80603994967032,33244,8310,0.00030997796056908555,9.275718e-05,0.00010260482,0.06816123,0.019318745,0.06729232,0.019216966,0.000868927,0.00010178013
0.7249679287975778,0.046801552176475525,0.023436205,0.012792776,0.04490487445145845,0.023327246,0.012686633,154.80987551907003,33284,8320,0.0018966761577758004,0.00010895959,0.0001061435,0.13338195,0.028589848,0.125374,0.028436288,0.008007938,0.00015356186
0.6322937045283088,0.0486794306896627,0.012501924,0.0069900895,0.038107304554432626,0.0124372095,0.0069118505,154.8141826140458,33324,8330,0.010572128595595132,6.471444e-05,7.823988e-05,0.24741499,0.022436082,0.17742346,0.022320507,0.06999158,0.00011557803
0.5304993661702846,0.03147526709362865,0.017668197,0.007333163,0.031116771791130305,0.017579474,0.0072321175,154.81916184905106,33364,8340,0.0003584951024095062,8.872201e-05,0.000101045414,0.058383055,0.030141499,0.05740363,0.02999315,0.0009794415,0.0001483502
0.6469134096258061,0.08671135120093822,0.012293887,0.008646398,0.045686572976410385,0.012230555,0.008545904,154.82403956898546,33404,8350,0.041024782179738394,6.3333864e-05,0.00010049415,0.25464946,0.025407277,0.11812574,0.025273656,0.13652363,0.00013362181
0.6372581144021697,0.0412569203414023,0.019804759,0.009364663,0.03996933335438371,0.019703731,0.009272373,154.82678114265502,33444,8360,0.0012875874352175742,0.000101022284,9.22888e-05,0.12268334,0.03129685,0.11732151,0.031151788,0.0053618243,0.00014505912
0.6950019554791066,0.05681722778826951,0.013576876,0.008342715,0.05133855920284986,0.0135105355,0.008258412,154.8291870513574,33484,8370,0.0054786657354270575,6.634319e-05,8.430423e-05,0.1352609,0.028940301,0.118620515,0.028798562,0.016640374,0.00014174025
0.5453590128733831,0.03330982718616724,0.014156161,0.006399871,0.03295959150418639,0.014081521,0.006306457,154.83337785675263,33524,8380,0.00035023627788177697,7.4640906e-05,9.341381e-05,0.05884755,0.029209096,0.058106557,0.029056322,0.0007409945,0.00015278206
0.7448039933389974,0.06865333337336778,0.015992574,0.007824795,0.06212051063776016,0.015915299,0.0075766905,154.8376901507231,33564,8390,0.006532822711596964,7.7274846e-05,0.00024810337,0.20004144,0.016567592,0.17863227,0.016487667,0.021409158,7.992504e-05
0.5321837088631545,0.0221140181645751,0.019727325,0.006277633,0.021840902883559464,0.019632848,0.0061998945,154.84312949688479,33604,8400,0.00027311517333146186,9.447669e-05,7.773738e-05,0.06214554,0.025700023,0.060649447,0.025574556,0.0014960907,0.00012546167
0.612938640935429,0.04390009148046375,0.018158855,0.009137793,0.0427229237742722,0.018070742,0.009035589,154.84942522605908,33644,8410,0.0011771685916755813,8.8113266e-05,0.000102205166,0.15282576,0.026857357,0.14735644,0.026728082,0.005469329,0.00012927425
0.5586998557168276,0.03938741178717464,0.017834537,0.008508313,0.03836966112721711,0.017746491,0.00829537,154.85377115255352,33684,8420,0.001017751410108758,8.805091e-05,0.00021294306,0.12433043,0.025789153,0.11983012,0.025651809,0.004500335,0.00013734508
0.5153698404883915,0.02490114998072386,0.014296261,0.0060977982,0.02467940337955952,0.014228694,0.0059727468,154.8557299550898,33724,8430,0.00022174657497089356,6.756641e-05,0.00012505228,0.060581654,0.032613147,0.059687205,0.032448377,0.00089444657,0.00016476287
0.49312247921860775,0.03090576771646738,0.017076682,0.008030786,0.030406387802213428,0.01698694,0.0070011416,154.85884510478556,33764,8440,0.0004993825452402235,8.9740584e-05,0.0010296451,0.06207266,0.023211887,0.061114583,0.02309248,0.00095806667,0.000119407734
0.5816650378751108,0.03439079471863806,0.010900483,0.006145812,0.03318028436042368,0.010844252,0.005798715,154.86043953145446,33804,8450,0.001210510462260572,5.623066e-05,0.00034709767,0.091041,0.016946042,0.087412946,0.016867813,0.0036280353,7.823001e-05
0.6926622994443147,0.04150818269699812,0.021853238,0.009966073,0.04101723190397025,0.021750478,0.009821948,154.8628344127042,33844,8460,0.000490950935636647,0.00010276196,0.00014412588,0.1014162,0.02995117,0.09970208,0.029797254,0.0017141163,0.00015392146
0.7816512869289032,0.04747762251645327,0.020804767,0.008538452,0.04576605688780546,0.02070493,0.0084084375,154.86751214878606,33884,8470,0.0017115652735810727,9.9836456e-05,0.00013001698,0.10402791,0.030601952,0.0993671,0.030451424,0.0046608024,0.00015052738
0.7451426581172285,0.04833368267863989,0.01933559,0.009736357,0.046607468836009504,0.019234147,0.009652241,154.8715889817798,33924,8480,0.001726214194059139,0.00010144174,8.411542e-05,0.10949947,0.03267627,0.10441613,0.032515306,0.005083356,0.00016095545
0.6656920489435194,0.02878442294895649,0.021208245,0.0066327383,0.028391522355377674,0.021101903,0.006542218,154.87476494029232,33964,8490,0.0003929000326024834,0.000106340776,9.052171e-05,0.06892582,0.029955918,0.0674089,0.029796243,0.0015169336,0.00015967416
0.7727710411273054,0.05265926979482174,0.026903417,0.008173446,0.05000961385667324,0.026772551,0.008071041,154.87696410308314,34004,8500,0.0026496568811126054,0.00013086802,0.000102404454,0.15905681,0.021358412,0.1487839,0.021254813,0.010272903,0.00010359889
0.6851742475128251,0.08404716327786443,0.0157195,0.0060306466,0.04211085541173815,0.015640644,0.005963772,154.88018153141002,34044,8510,0.04193630942900198,7.88557e-05,6.687449e-05,0.46867052,0.025046794,0.18961285,0.024919467,0.27905765,0.0001273264
0.5698043270081914,0.029550989251583816,0.017260341,0.005051658,0.02924560625106096,0.017176306,0.004983336,154.88357554897314,34084,8520,0.00030538414721377195,8.403171e-05,6.832178e-05,0.058756053,0.023466319,0.05801048,0.023342745,0.0007455743,0.00012357501
0.5527718010150147,0.030797334201633924,0.014976806,0.007170795,0.03042703652754426,0.014897469,0.007085506,154.88586130814969,34124,8530,0.0003702965826960281,7.933669e-05,8.528909e-05,0.08071007,0.024563199,0.079390705,0.024440201,0.0013193496,0.00012299781
0.462948926302453,0.0278119470924139,0.020193614,0.0060343677,0.02749133147299289,0.020095896,0.0059720944,154.8880762714354,34164,8540,0.0003206163230061066,9.771803e-05,6.227318e-05,0.0644966,0.021939136,0.063481465,0.021828251,0.001015136,0.00011088258
0.5792681281891826,0.03187570204026998,0.012711896,0.0071450276,0.031112829875200983,0.012647751,0.007055522,154.8912942971127,34204,8550,0.0007628702722286108,6.414517e-05,8.9507645e-05,0.092576295,0.023056017,0.08949645,0.02293648,0.0030798647,0.00011953541
0.6461162541596365,0.052071680780500174,0.014552324,0.0070888577,0.04682682394050062,0.014480127,0.006939888,154.89497405832816,34244,8560,0.005244857255456736,7.219742e-05,0.00014897026,0.14784554,0.029133191,0.1290991,0.02898036,0.018746452,0.00015283303
0.823120587747228,0.05659097745083272,0.02726926,0.006555168,0.052325067482888704,0.027135855,0.006392949,154.89926810509598,34284,8570,0.004265910085086944,0.00013340445,0.00016221937,0.14050177,0.028901525,0.12663904,0.028748121,0.013862746,0.00015340373
0.7227512288928085,0.05113637391477823,0.00889507,0.006716281,0.047774824779480696,0.008852732,0.0066479063,154.90260113033045,34324,8580,0.0033615492036915386,4.2337222e-05,6.837472e-05,0.12388156,0.024056366,0.113729954,0.023932612,0.010151596,0.00012375166
0.5099670056966913,0.07726310724392532,0.012730437,0.15331504,0.021503305621445184,0.012663932,0.0058253007,154.90488772431482,34364,8590,0.05575979960995028,6.650488e-05,0.14748974,0.05438651,0.030824961,0.052094247,0.030678153,0.002292263,0.00014680857
0.6283980289708224,0.03154405150562525,0.02003242,0.008986822,0.03118733996525407,0.019932827,0.008852637,154.9070418916136,34404,8600,0.0003567118845239747,9.959516e-05,0.00013418295,0.07659617,0.030961044,0.07519394,0.03080445,0.0014022288,0.00015659136
0.7872231117258286,0.0549045130610466,0.025675751,0.0097068995,0.05182016901671887,0.025551282,0.009621518,154.90990581239302,34444,8610,0.0030843400949379426,0.0001244682,8.538222e-05,0.15130803,0.023058025,0.13932416,0.022939019,0.011983868,0.00011900975
0.7022175664413357,0.04884974500164389,0.016258912,0.008594414,0.04751066332682967,0.016172377,0.008360139,154.9155681839158,34484,8620,0.0013390830019488933,8.653378e-05,0.0002342753,0.11524855,0.02148848,0.11139445,0.021382196,0.0038541066,0.00010629041
0.6435869034312736,0.024335711542516944,0.027154982,0.0053712847,0.02418134482577443,0.027015718,0.0052781506,154.92046200959126,34524,8630,0.00015436732719535938,0.00013926838,9.3133785e-05,0.0363635,0.026119247,0.036043353,0.025990535,0.0003201515,0.00012870843
0.9369465846251381,0.1058915767353028,0.01455427,0.00452693,0.061867215065285565,0.0144777745,0.004355253,154.92526953462726,34564,8640,0.044024363180506045,7.649252e-05,0.0001716773,0.34070063,0.031482514,0.18100363,0.031319898,0.15969697,0.00016261922
0.7118154218598799,0.060599518567323686,0.015777865,0.0067944042,0.0502847901545465,0.015695656,0.0067021456,154.93051777127775,34604,8650,0.010314728803496109,8.2208324e-05,9.225899e-05,0.2181601,0.025681324,0.17265418,0.025553254,0.04550591,0.00012807336
0.6035484351670365,0.03642032332718372,0.024647016,0.004798237,0.035891152266412985,0.024530064,0.0047323573,154.93580657926765,34644,8660,0.0005291714507620782,0.000116956166,6.5878754e-05,0.07928342,0.021126764,0.077750735,0.021020789,0.0015327019,0.00010597192
0.6683697062515033,0.04932110458612441,0.016429584,0.009682184,0.047387018427252764,0.016340466,0.00958523,154.94118443618632,34684,8670,0.0019340860162628815,8.9117384e-05,9.6954325e-05,0.10302724,0.028208748,0.098048314,0.028054833,0.0049789366,0.00015391276
0.6730715536623642,0.0530485917814076,0.016330535,0.008485303,0.04551898632198573,0.016251845,0.008391312,154.9471222514398,34724,8680,0.007529605201125378,7.869475e-05,9.399138e-05,0.20460504,0.023305357,0.16732825,0.023186201,0.037276812,0.00011915534
0.6990621452061792,0.0493879915215075,0.020468744,0.005526862,0.04769008643925191,0.020363105,0.0054044407,154.9539518383811,34764,8690,0.0016979055049887392,0.000105637984,0.00012242192,0.13335916,0.024225896,0.12797102,0.024098255,0.0053881146,0.00012764023
0.649010307453783,0.040314154140651225,0.019925695,0.007631587,0.03947312403470278,0.019830497,0.007287713,154.95961830210453,34804,8700,0.0008410302958509419,9.51985e-05,0.00034387305,0.091596894,0.02593759,0.0892311,0.025810761,0.0023658045,0.00012682792
0.6478232485673322,0.04045573202893138,0.01831773,0.0066496306,0.03902165619656444,0.01822077,0.0065610628,154.9632310929898,34844,8710,0.0014340758985781576,9.695911e-05,8.856867e-05,0.118618354,0.024051137,0.113182,0.023928145,0.005436346,0.00012299283
0.641206216697881,0.036742847692221414,0.018344717,0.007185376,0.03595235124230384,0.01825258,0.007058473,154.96612434022103,34884,8720,0.0007904956415586639,9.2134855e-05,0.0001269033,0.10991303,0.01956916,0.10675927,0.019470328,0.0031537544,9.882902e-05
0.44272280726211644,0.025713723246008156,0.01564824,0.0084139025,0.025315161794424057,0.015572051,0.0082311705,154.96961432936163,34924,8730,0.00039856136863818386,7.6186494e-05,0.00018273063,0.07499357,0.02377308,0.073340006,0.02365007,0.0016535685,0.00012301118
0.4532642141130816,0.019223995506763458,0.013999586,0.0050168354,0.019079543836414817,0.013931013,0.004937026,154.97349462451615,34964,8740,0.0001444513000024017,6.8574416e-05,7.980966e-05,0.057484485,0.023049165,0.056908328,0.022931086,0.0005761596,0.00011807839
0.5996329666759853,0.03235512422397733,0.016327174,0.009482642,0.03166906964033842,0.01624427,0.009379558,154.9763392191687,35004,8750,0.0006860545399831608,8.2905164e-05,0.00010308508,0.089631915,0.014368158,0.087153085,0.0143003445,0.002478833,6.7813e-05
0.5632368738187675,0.033779076859354974,0.017485091,0.009572144,0.03273937171325088,0.017398508,0.009268264,154.97939175768911,35044,8760,0.0010397051082691178,8.6580694e-05,0.00030387938,0.09915961,0.022371808,0.09453129,0.022260688,0.004628325,0.000111119654
0.5879737194535716,0.03585138078778982,0.016428066,0.0049862824,0.034828585805371404,0.016346559,0.004915252,154.98334403033883,35084,8770,0.001022794171149144,8.150652e-05,7.103091e-05,0.0854518,0.025977978,0.08226112,0.025844565,0.0031906774,0.00013341347
0.6385601949903692,0.044851596001535654,0.011635195,0.01021587,0.042238222062587746,0.011575009,0.010096089,154.98694133487035,35124,8780,0.0026133754989132283,6.0186787e-05,0.00011978041,0.11041252,0.024643695,0.10195855,0.024511375,0.0084539885,0.00013231901
0.5509154964788295,0.02852979865856469,0.0146394735,0.006599716,0.028122462052851918,0.014561306,0.006457659,154.99170677559033,35164,8790,0.0004073370317200897,7.816594e-05,0.00014205775,0.058763452,0.024487779,0.05767527,0.024362464,0.0010881939,0.00012531427
0.7131853301787683,0.05539450794458389,0.020615239,0.008370321,0.052143638581037516,0.020517007,0.007908472,154.9968591988787,35204,8800,0.003250866860616953,9.82305e-05,0.00046184848,0.12069797,0.031952202,0.11192779,0.03179048,0.008770179,0.00016171995
0.618793443561082,0.04582014800980688,0.017292121,0.008693958,0.04307572310790419,0.017200153,0.008568307,155.00230773901473,35244,8810,0.002744427719153463,9.196634e-05,0.00012565001,0.13341692,0.02460932,0.122781895,0.024480587,0.01063504,0.00012873198
0.6090950162682969,0.028884932957589624,0.02058506,0.0057779215,0.02830914845690131,0.020476611,0.005692462,155.0073092753749,35284,8820,0.0005757854603871238,0.000108448105,8.5460175e-05,0.0684694,0.01814975,0.066628836,0.0180533,0.0018405684,9.6451884e-05
0.5799141038082435,0.03529968140646815,0.019376433,0.007832394,0.03475303370505571,0.019276723,0.0073510343,155.0108386275253,35324,8830,0.0005466477028676309,9.9709825e-05,0.00048135917,0.06400897,0.030986749,0.062856056,0.030829413,0.0011529232,0.00015733247
0.5720205600795869,0.026958949584513902,0.023810266,0.007813382,0.026669617928564548,0.023701277,0.0077115474,155.01401042926597,35364,8840,0.000289331452222541,0.00010898792,0.000101836275,0.056763634,0.021875571,0.056044757,0.02176521,0.0007188676,0.00011036111
0.6744337701501305,0.04029443971812726,0.013302214,0.0059844265,0.039223306532949205,0.013233329,0.005891137,155.02013914045872,35404,8850,0.001071131003118353,6.8884714e-05,9.328943e-05,0.09742238,0.019232703,0.094311126,0.019134294,0.0031112346,9.841082e-05
0.7360885035397107,0.05763046136125922,0.01619306,0.009766653,0.05080069070681929,0.016116261,0.009542292,155.02614622856137,35444,8860,0.006829772151832003,7.679793e-05,0.0002243591,0.14158995,0.027643163,0.12089384,0.027492283,0.02069608,0.00015087836
0.6158306804179364,0.022575558070093395,0.013691617,0.0066990033,0.022420557681471113,0.013621855,0.0066310633,155.03029437886659,35484,8870,0.0001550007094920147,6.976412e-05,6.793985e-05,0.058013454,0.028803704,0.057545837,0.028661918,0.0004676219,0.00014178352
0.6259643520871205,0.03187370635569096,0.02550221,0.0123131825,0.031551397405564785,0.025377423,0.012206078,155.0348882998175,35524,8880,0.00032230945507762956,0.00012478707,0.00010710376,0.063344724,0.026564851,0.062248327,0.02642733,0.0010963979,0.00013751799
0.6487886465588807,0.034225774975493554,0.014931373,0.005891728,0.03329549101181328,0.014855921,0.0057767024,155.03829697239834,35564,8890,0.0009302840466261841,7.545214e-05,0.00011502557,0.096033245,0.02161953,0.09260588,0.021517541,0.003427369,0.000101985286
0.6072358282608641,0.03101372895762325,0.016781082,0.00638123,0.03049549274146557,0.016695958,0.00630221,155.0405220923586,35604,8900,0.0005182364977372345,8.512683e-05,7.902009e-05,0.10303856,0.020527417,0.10051662,0.020418022,0.0025219487,0.000109395296
0.5315916489109166,0.025142810866236688,0.012181226,0.0069049574,0.024798077158629896,0.012119682,0.006718626,155.04390582024115,35644,8910,0.0003447335126111284,6.154432e-05,0.00018633161,0.061914127,0.038617127,0.06030209,0.038414955,0.0016120371,0.00020216599
0.5590559441622637,0.030003146640956404,0.019179767,0.010118386,0.02909083114936948,0.019084558,0.01001827,155.04899482168375,35684,8920,0.000912315829191357,9.521103e-05,0.000100116435,0.0913344,0.021932546,0.086599536,0.021822084,0.004734881,0.00011046463
0.630116060019321,0.034924778062850236,0.018262062,0.0077042496,0.03373394468799234,0.01817496,0.007153744,155.05259831165682,35724,8930,0.0011908339278306813,8.710194e-05,0.00055050635,0.08724632,0.018469924,0.08353397,0.01837504,0.0037123305,9.488095e-05
0.4582496423126789,0.02712708506733179,0.014007517,0.01067703,0.02665001954883337,0.0139354905,0.010549579,155.0559213772273,35764,8940,0.00047706470650155097,7.2027025e-05,0.00012745024,0.06599837,0.02569507,0.0642434,0.025567373,0.0017549703,0.00012769725
0.5599850728630854,0.03810270139947534,0.012586585,0.0040566972,0.03687412925064564,0.012520449,0.0039933496,155.06035755869004,35804,8950,0.0012285734737815799,6.613697e-05,6.334728e-05,0.091859676,0.02464128,0.08796717,0.024515357,0.0038924995,0.00012592203
0.6142192147789759,0.03740709582343697,0.016708313,0.0077965455,0.03589891651645303,0.016621025,0.0076916595,155.06483346643108,35844,8960,0.0015081821205967572,8.728556e-05,0.00010488575,0.10578553,0.027196879,0.09947205,0.027052835,0.006313459,0.00014403954
0.6037648613541606,0.03304849453270435,0.02887191,0.007925053,0.0322486677672714,0.028733138,0.0078175645,155.07134461976446,35884,8970,0.0007998249478987418,0.00013877325,0.000107487656,0.09144096,0.026171602,0.08744904,0.026045222,0.0039919186,0.00012638609
0.5711761479839634,0.03197790826670826,0.017103765,0.00850348,0.031333340238779775,0.017019963,0.0083355885,155.0769306030409,35924,8980,0.0006445681909099222,8.3802246e-05,0.00016789259,0.083341286,0.030837266,0.080670394,0.030672265,0.0026708825,0.00016499226
0.6187538169462263,0.03791905082762241,0.016996292,0.0040975106,0.036114739533513775,0.016907606,0.003933041,155.08130674296842,35964,8990,0.0018043124189716763,8.868695e-05,0.00016446982,0.09025829,0.030418165,0.08404841,0.030260887,0.00620986,0.00015727284
0.5990135519211719,0.037177281081676485,0.01853331,0.005928338,0.036257452145218846,0.018440964,0.0058450014,155.08565243588606,36004,9000,0.0009198295228998177,9.234561e-05,8.333755e-05,0.12222176,0.024572277,0.11750185,0.024441015,0.0047199237,0.00013126429
0.7751398220298259,0.06137354737147689,0.022727147,0.0065149455,0.05779111566953361,0.02261599,0.006404735,155.0910257116304,36044,9010,0.0035824342201522088,0.00011115603,0.00011021012,0.13270748,0.023603223,0.123340234,0.023490561,0.009367237,0.00011266078
0.7603344947258828,0.06279960200190544,0.020264156,0.008824326,0.05750861465930938,0.020163205,0.008554662,155.09771984606454,36084,9020,0.005290988442720845,0.00010095256,0.0002696637,0.15220362,0.025815815,0.1362731,0.025681498,0.015930539,0.00013431812
0.7222772641140354,0.03098875926807523,0.02281215,0.008103033,0.03038922855630517,0.022699675,0.0076472643,155.106956076269,36124,9030,0.0005995304774842224,0.00011247392,0.00045576802,0.08482279,0.01823232,0.08264005,0.018141039,0.0021827442,9.128041e-05
0.7421355462498099,0.040629148297011856,0.027210824,0.0067763133,0.03978518247604369,0.027075939,0.0065926216,155.1141975567275,36164,9040,0.0008439657089184038,0.00013488437,0.00018369134,0.09882189,0.028994208,0.09591069,0.028851321,0.0029112007,0.00014288598
0.8613469913901705,0.09206894170492887,0.024867656,0.009009769,0.07557960227131842,0.024749862,0.008856873,155.11826058786542,36204,9050,0.016489337374514437,0.00011779248,0.00015289462,0.24224675,0.020389102,0.19176568,0.020288978,0.050481033,0.00010012431
0.6703351080050447,0.04205646347254515,0.014486918,0.009062201,0.040776902996003624,0.014414666,0.008966554,155.12352039025566,36244,9060,0.0012795589347661005,7.225254e-05,9.564834e-05,0.09706405,0.031134602,0.09304644,0.030975223,0.004017617,0.00015937602
0.5113349132862002,0.03071384597569704,0.012268668,0.0061666174,0.030154597014188766,0.01220544,0.006086166,155.12850980880881,36284,9070,0.0005592489731498061,6.3226806e-05,8.045208e-05,0.10803816,0.029849336,0.10528031,0.029689625,0.0027578457,0.000159708
0.5973783095870951,0.05022262223064899,0.019271728,0.011089005,0.04923594729043543,0.019173684,0.010926602,155.13415817204626,36324,9080,0.0009866749016509857,9.8043936e-05,0.00016240281,0.12635858,0.035987306,0.12314211,0.035806395,0.003216504,0.0001809127
0.697409114834007,0.04458964429795742,0.014999887,0.009453001,0.04255001191049814,0.014926309,0.009278463,155.14072406248255,36364,9090,0.0020396322091983166,7.357828e-05,0.00017453832,0.10683427,0.027458662,0.100358024,0.027312301,0.0064762407,0.00014636035
0.7174251835157761,0.055148811219260095,0.028331252,0.0053908452,0.048281897464767104,0.028186139,0.0052012,155.14697141525718,36404,9100,0.006866915131831775,0.00014511215,0.00018964615,0.19449525,0.032114502,0.16083595,0.03195305,0.033659287,0.0001614556
0.7935035089607488,0.05403063055127859,0.022815946,0.0073834304,0.04833128750324249,0.022696484,0.007260287,155.15101670874648,36444,9110,0.005699342644948047,0.00011946239,0.00012314302,0.15907526,0.026481353,0.13665609,0.026347209,0.022419155,0.0001341435
0.5495028703834578,0.1075894122943282,0.009581655,0.21990237,0.02224173480644822,0.009529851,0.0073349094,155.15412471742397,36484,9120,0.08534767070959787,5.1803443e-05,0.21256755,0.08688614,0.019731753,0.084972456,0.019634154,0.0019136805,9.75969e-05
0.689044480837054,0.0831168399192393,0.037906982,0.25877506,0.044138448871672155,0.037725765,0.003716121,155.15778044813482,36524,9130,0.038978389625117425,0.00018122038,0.25505894,0.075761,0.026772553,0.07413572,0.026635408,0.001625284,0.00013714809
0.5025383313745301,0.028796641528606413,0.011096146,0.006004579,0.028524930682033302,0.011041213,0.0059021907,155.16108619042143,36564,9140,0.0002717110484809382,5.493135e-05,0.00010238815,0.066660754,0.032443393,0.065905824,0.0322783,0.0007549389,0.00016509436
0.42321143589614796,0.020114928344264628,0.0077946964,0.007616468,0.019932769844308498,0.007751122,0.00742353,155.16594920381166,36604,9150,0.0001821585057768971,4.357515e-05,0.00019293872,0.03625167,0.032733634,0.035857048,0.032563545,0.00039461645,0.00017009237
0.46499421476986236,0.019289294909685846,0.015004746,0.007228573,0.01910886173136532,0.014931976,0.0070721796,155.171520681625,36644,9160,0.00018043364689219741,7.27701e-05,0.00015639361,0.035110597,0.027407566,0.034707885,0.02727037,0.0004027168,0.00013719921
0.7821204956752027,0.06894702967256307,0.012892319,0.009539799,0.05544960340484978,0.01282878,0.009413341,155.1759526296853,36684,9170,0.013497426440881099,6.3538224e-05,0.00012645849,0.2094676,0.027065486,0.16065945,0.02693506,0.048808202,0.00013042534
0.6262451882179803,0.03674453306011856,0.015995704,0.007146544,0.03583542685955763,0.015919166,0.006988842,155.18013557955476,36724,9180,0.0009091068146517499,7.653637e-05,0.00015770241,0.12416318,0.02219112,0.12007783,0.022080632,0.004085344,0.000110489396
0.5548228173874644,0.03304938822984695,0.025474051,0.013017638,0.03257133476436137,0.025354207,0.012874771,155.18340493881524,36764,9190,0.0004780526549438946,0.000119846016,0.00014286782,0.08040106,0.024487501,0.07852464,0.024363868,0.0018764229,0.00012363214
0.615610086158219,0.09826440792530775,0.02141714,0.006145442,0.054150579683482636,0.02130574,0.006059828,155.1862245208995,36804,9200,0.04411382945763762,0.0001114008,8.561381e-05,0.42454845,0.027112044,0.20441654,0.026973922,0.22013193,0.00013812353
0.5440358508518264,0.02038186527788639,0.016420975,0.009008088,0.020217468123883007,0.016341139,0.008925427,155.18998932713814,36844,9210,0.00016439771425211803,7.983931e-05,8.2659964e-05,0.04853142,0.018160753,0.04798813,0.018072888,0.0005432891,8.78654e-05
0.5167602200887974,0.030216187611222266,0.01750707,0.003596263,0.0293542830273509,0.017419232,0.0035106274,155.19464150024703,36884,9220,0.0008619039203040303,8.783658e-05,8.563553e-05,0.09749624,0.016805131,0.0929748,0.01672201,0.004521449,8.312298e-05
0.6269367141139504,0.03717632228508592,0.020225164,0.01018178,0.036359133850783106,0.0201254,0.010075882,155.2002551191593,36924,9230,0.000817187348002335,9.976541e-05,0.0001058962,0.102403514,0.023719333,0.09916499,0.023592383,0.003238528,0.00012694941
0.7268385612452071,0.05809444477781653,0.01923927,0.009141401,0.0549348870292306,0.019144868,0.009047515,155.20543009752114,36964,9240,0.0031595579348504543,9.439683e-05,9.3887036e-05,0.1260886,0.02982625,0.117833875,0.029680334,0.008254726,0.00014591886
0.7088797495938888,0.04445828087627888,0.024422608,0.008063882,0.04278567237779497,0.024310017,0.007994057,155.20891951204246,37004,9250,0.0016726085341360886,0.000112592104,6.982539e-05,0.11679868,0.024924727,0.110436365,0.024797695,0.006362325,0.00012703083
0.7959646967786159,0.050543582951650026,0.015787678,0.008054715,0.045977661013603205,0.015704565,0.007932097,155.21262742035896,37044,9260,0.004565920427558011,8.311277e-05,0.00012261506,0.16874103,0.027979417,0.14886783,0.027831484,0.019873232,0.0001479334
0.839737691319501,0.06505907215178013,0.018726686,0.004857432,0.05875332187861204,0.018626025,0.0047847796,155.21726291019218,37084,9270,0.006305751233594494,0.00010065858,7.2653624e-05,0.18794736,0.027621962,0.16531046,0.027471209,0.022636913,0.00015075166
0.6297418243902009,0.028114470466971398,0.013829192,0.0048549324,0.027803360112011434,0.013762805,0.004711146,155.22084012652763,37124,9280,0.00031111068892641924,6.638726e-05,0.0001437871,0.06665856,0.030585693,0.065779395,0.030437943,0.00087917026,0.00014775482
0.5866628037843005,0.033955685235559925,0.016923318,0.008941015,0.032750786654651164,0.016840154,0.008591141,155.22468487141037,37164,9290,0.0012048977390804795,8.3160536e-05,0.00034987487,0.08729807,0.032004125,0.08263418,0.031842172,0.004663885,0.00016195046
0.510885805343575,0.020234807673841712,0.011323543,0.0047916854,0.02008498543873429,0.0112643065,0.004685955,155.2285938210302,37204,9300,0.00014982300017436502,5.9234622e-05,0.00010573103,0.06926125,0.026614085,0.068649255,0.026472012,0.00061199174,0.00014207122
0.525216946469193,0.02649195250123739,0.018915365,0.0072354265,0.025960693228989837,0.018822383,0.0069940365,155.23129719068893,37244,9310,0.0005312598434102256,9.298662e-05,0.00024139021,0.05982459,0.021160422,0.058164686,0.021044506,0.0016599076,0.00011591468
0.6477437515532027,0.037489545717835415,0.021773133,0.005553882,0.036323652230203146,0.021670204,0.0054893554,155.23358894343255,37284,9320,0.0011658922747301403,0.000102929545,6.452692e-05,0.12970151,0.024718996,0.12350909,0.024593057,0.006192417,0.00012593958
0.49747831922268226,0.025506510864943266,0.023075568,0.008684995,0.025223717745393514,0.022953616,0.0084001,155.23721370892568,37324,9330,0.0002827928736223839,0.000121952966,0.00028489484,0.054505635,0.032384153,0.053871434,0.032221824,0.0006341948,0.00016233049
0.6448608854811182,0.04626968568190933,0.013957641,0.010983892,0.04423644542694092,0.013881262,0.010860803,155.24176102657196,37364,9340,0.0020332414664153476,7.637938e-05,0.00012309078,0.10860057,0.03201332,0.10210016,0.031855673,0.006500394,0.0001576408
0.5442708207199816,0.024894326692447066,0.018554512,0.006882229,0.02468292112462223,0.018461077,0.006723049,155.24759571134754,37404,9350,0.0002114050956151914,9.343542e-05,0.00015917938,0.04597606,0.019178504,0.045522604,0.019091247,0.00045346477,8.725817e-05
0.7016503460113689,0.04292537737637757,0.016926887,0.006422193,0.039740476105362174,0.016837625,0.0062929876,155.25236146430626,37444,9360,0.0031848994112806395,8.92611e-05,0.00012920452,0.14510833,0.021500396,0.13132907,0.021391883,0.013779264,0.00010851118
0.7925527450600696,0.10416875183582307,0.018309683,0.0059859008,0.06353653511032462,0.018215641,0.005891286,155.2563345433848,37484,9370,0.040632220184488685,9.404424e-05,9.461404e-05,0.5059202,0.030379292,0.27429676,0.030227078,0.23162349,0.00015221321
1.044614454939438,0.09060747753828763,0.016461842,0.0099849235,0.07941491305828094,0.016382162,0.009845692,155.26145168912697,37524,9380,0.011192564289376606,7.96779e-05,0.0001392325,0.19323787,0.049078733,0.16547832,0.04881549,0.027759558,0.00026324514
0.8566105484610553,0.06944102123379707,0.025519427,0.0069297575,0.06063226312398911,0.025393203,0.0067635365,155.2682738914095,37564,9390,0.00880875940565602,0.00012622362,0.00016622154,0.22286652,0.0241727,0.18805538,0.024045091,0.034811117,0.00012760783
0.798147021431151,0.0654518690891564,0.02098524,0.009042944,0.0578976895660162,0.020882007,0.008923554,155.27408458045574,37604,9400,0.007554179560247576,0.00010323543,0.000119390344,0.18644172,0.02607174,0.15928423,0.025945753,0.027157474,0.00012598459
0.6601847221582173,0.039398174919188025,0.016596526,0.0097258305,0.03844265369698405,0.016507747,0.009623093,155.27969080699086,37644,9410,0.000955520246498054,8.87809e-05,0.000102739934,0.12503168,0.029986888,0.12070428,0.029840196,0.0043274025,0.00014669423
0.5350192462993485,0.0313412363640964,0.016868178,0.006772723,0.030945928301662207,0.016786208,0.0065888707,155.2854066035303,37684,9420,0.00039530808935523966,8.197167e-05,0.00018385377,0.076697424,0.023920478,0.07551785,0.02380491,0.0011795743,0.00011556611
0.5884124383944924,0.0357904689386487,0.019183543,0.00417683,0.033641799818724394,0.0190765,0.0040870737,155.2881101671341,37724,9430,0.002148669597227126,0.000107041415,8.975596e-05,0.09483199,0.018835798,0.08727396,0.018741965,0.0075580343,9.383358e-05
0.7918890879408246,0.04694668957963585,0.0112813255,0.0137670925,0.045569649897515774,0.011228871,0.013647523,155.2913215305721,37764,9440,0.0013770386751275508,5.2455183e-05,0.0001195697,0.110227376,0.029148325,0.105906695,0.029004782,0.0043207197,0.00014353964
0.8050859983396441,0.08966812510043382,0.02526262,0.17835154,0.03398660067468881,0.025124153,0.008859329,155.29492802617327,37804,9450,0.055681523069506515,0.00013846857,0.1694922,0.079260446,0.035271015,0.0769311,0.03509196,0.0023293402,0.00017905506
0.67729250267873,0.02925614481791854,0.016166683,0.0065824455,0.028935071639716627,0.01608151,0.0064586033,155.29823147495748,37844,9460,0.0003210711416613776,8.517293e-05,0.00012384233,0.06724007,0.015557887,0.06639613,0.015476133,0.0008439226,8.1754646e-05
0.8544650270020245,0.1195044493302703,0.017040355,0.009332105,0.07184407906606793,0.01695545,0.009236401,155.30155896052446,37884,9470,0.04766036792789236,8.4903266e-05,9.570342e-05,0.3319591,0.023548955,0.18551841,0.0234288,0.14644071,0.00012015595
0.6945090514377835,0.04248102027922868,0.016009372,0.010570558,0.04057422010228037,0.015927006,0.010399179,155.30686111259962,37924,9480,0.0019067993067437784,8.23681e-05,0.00017138066,0.11742654,0.015814815,0.11078584,0.015736977,0.006640687,7.7836536e-05
0.5979246729889574,0.027949176728725433,0.019580074,0.010844521,0.027620201744139195,0.019486839,0.010663441,155.3102297126133,37964,9490,0.0003289745160145685,9.323482e-05,0.00018108079,0.07372451,0.021097152,0.07260966,0.02099245,0.0011148502,0.000104701685
0.6679014000293955,0.03557504657655954,0.01675441,0.0072170417,0.03512145206332207,0.016666979,0.007102807,155.31288078736165,38004,9500,0.00045359545692917895,8.743121e-05,0.00011423492,0.07637255,0.027958414,0.07513998,0.02781066,0.0012325817,0.00014775219
0.6695186287677618,0.03193890657275915,0.015066009,0.007643572,0.03144182898104191,0.014990883,0.007566066,155.31600200989865,38044,9510,0.0004970775396941462,7.512413e-05,7.7505356e-05,0.07655192,0.01397021,0.07506682,0.013900915,0.0014851058,6.92929e-05
0.7349590764286706,0.02720973645336926,0.012481656,0.009920773,0.026635013660416006,0.012423439,0.00975911,155.31925287350418,38084,9520,0.0005747222712670919,5.821765e-05,0.00016166229,0.07385875,0.027081423,0.0714663,0.026951926,0.0023924573,0.00012949412
0.717529734591934,0.049519024230539804,0.030642405,0.0055678054,0.047832689434289935,0.03048925,0.005486287,155.32163900850995,38124,9530,0.0016863348006154412,0.00015315275,8.15187e-05,0.093689576,0.027840555,0.08965251,0.027704468,0.0040370664,0.00013608878
0.5608916098445073,0.033646340295672414,0.013553517,0.0115914615,0.03290961124002933,0.013486586,0.0113908965,155.32599074975428,38164,9540,0.0007367287085799035,6.693157e-05,0.00020056509,0.10446945,0.02033489,0.10121467,0.020230465,0.0032547682,0.00010442322
0.5960527684625742,0.036160336341708905,0.021967586,0.006332297,0.034080990217626096,0.021859774,0.006205052,155.33099854689294,38204,9550,0.0020793466181203255,0.000107812986,0.00012724554,0.17269695,0.024132822,0.15689236,0.024009418,0.01580461,0.00012340667
0.7220868154844103,0.060462971683591604,0.014127844,0.008971174,0.056958806607872246,0.014055495,0.008877565,155.33616349050112,38244,9560,0.0035041643597651276,7.234838e-05,9.361128e-05,0.184542,0.026888609,0.1720359,0.026765216,0.012506057,0.00012339231
0.5689979395881323,0.037997351773083214,0.018632526,0.004789326,0.03425443815067411,0.018542813,0.004655584,155.3414267148232,38284,9570,0.0037429121734021465,8.971257e-05,0.00013374198,0.14106555,0.022145087,0.12019077,0.02203568,0.020874768,0.00010940686
0.6917785172421275,0.04535777196288108,0.0143268285,0.004539171,0.044370305910706516,0.014256042,0.004318863,155.3462865576693,38324,9580,0.000987464997160714,7.0787755e-05,0.00022030708,0.14652246,0.024295827,0.14260793,0.024173051,0.0039145155,0.00012277855
0.5865760176087852,0.04132275516167283,0.011584688,0.0061594145,0.03915057387202978,0.011523441,0.006077692,155.35067147013376,38364,9590,0.0021721816883655265,6.124549e-05,8.172236e-05,0.13389,0.02642999,0.12455522,0.026293691,0.009334766,0.00013629707
0.8964631211734224,0.08771720118820668,0.017092137,0.006209858,0.07112760432064533,0.017010964,0.006123057,155.35597083471833,38404,9600,0.0165895968744735,8.1167935e-05,8.68015e-05,0.2805612,0.019077986,0.22046272,0.01898232,0.060098507,9.5667594e-05
0.6966134060539532,0.04583961851894856,0.012032729,0.007123375,0.044847003929316995,0.011975624,0.007016604,155.36104864756146,38444,9610,0.0009926148450176697,5.7105455e-05,0.00010677046,0.08778943,0.02923838,0.08549621,0.029077087,0.0022932119,0.00016128967
0.7013949676611193,0.0625583864748478,0.012338418,0.009607806,0.05499421348795295,0.012271125,0.009504144,155.3643459031816,38484,9620,0.007564167671080215,6.729312e-05,0.000103662394,0.17092954,0.03663863,0.14377518,0.036441874,0.027154356,0.00019675748
0.710395401235654,0.05124533316120505,0.021659307,0.006040209,0.04955452512949705,0.021557186,0.0059605017,155.36625995361,38524,9630,0.001690808410785394,0.000102122736,7.970697e-05,0.11516269,0.028680265,0.11019465,0.028537463,0.0049680364,0.00014280216
0.6379017380208775,0.023954495228827002,0.016017115,0.0061404617,0.023658256232738494,0.015939599,0.0060541076,155.36999342825334,38564,9640,0.00029623928785440514,7.751185e-05,8.6353684e-05,0.06800408,0.021450404,0.06671116,0.021344475,0.0012929186,0.000105931125
0.6679524355484562,0.08261323738843201,0.018754555,0.20472685,0.03738060863688588,0.018661702,0.0062543526,155.37451514872788,38604,9650,0.045232630587997834,9.28512e-05,0.1984725,0.097876556,0.027692229,0.09581881,0.02754685,0.0020577523,0.0001453837
0.5899733793786385,0.033492060657590625,0.01766323,0.0062333657,0.032847457099705935,0.017579148,0.00614635,155.37792643516127,38644,9660,0.0006446036677516531,8.4084706e-05,8.701577e-05,0.06971295,0.021975458,0.06804553,0.021859683,0.0016674204,0.00011577334
0.5674583040017823,0.027962271496653555,0.01631121,0.007057787,0.02767976569011807,0.016224984,0.0068927025,155.38155087450917,38684,9670,0.0002825058349117171,8.6223285e-05,0.00016508487,0.06274484,0.028511275,0.062026635,0.028374424,0.00071820384,0.00013685273
0.4681864110175869,0.028249622136354444,0.0159252,0.0033813,0.027892951387912035,0.015848204,0.003334322,155.38410368244925,38724,9680,0.0003566707440768369,7.69979e-05,4.6977657e-05,0.11316522,0.024165807,0.11092131,0.024043242,0.002243927,0.00012256952
0.634468645374392,0.055587047291919586,0.016676512,0.007585993,0.04460209566168487,0.016594918,0.0074921064,155.38912637238013,38764,9690,0.010984951450518565,8.159331e-05,9.388659e-05,0.16504498,0.025040153,0.1253409,0.024923692,0.039704077,0.00011646224
0.5342373477180844,0.026968772895634173,0.01797578,0.005367226,0.02640444040298462,0.01788725,0.005295213,155.3947574616287,38804,9700,0.000564333258807892,8.8532135e-05,7.20131e-05,0.08166534,0.040773906,0.07795137,0.040560976,0.0037139656,0.00021293464
0.7899890256730933,0.04722990747541189,0.015847353,0.009164239,0.046029214095324275,0.015773298,0.008936681,155.39776040845635,38844,9710,0.0012006924400338904,7.405401e-05,0.00022755838,0.10752677,0.03737709,0.10390593,0.037190765,0.0036208315,0.00018632071
0.6889065516048778,0.036086741462349886,0.02692728,0.0066743363,0.034836584515869615,0.026804259,0.0065481234,155.39923221498734,38884,9720,0.0012501579418312757,0.0001230237,0.0001262123,0.08016758,0.023564707,0.075942926,0.023447243,0.0042246412,0.00011746709
0.5163987949509514,0.02781520551070571,0.020718955,0.0071605328,0.027458740584552287,0.020609021,0.0070807487,155.4056198371781,38924,9730,0.00035646553151309497,0.000109933964,7.9783895e-05,0.069422945,0.020307936,0.06817162,0.020204121,0.0012513251,0.00010381041
0.5113211243413146,0.028961419500410555,0.015640488,0.0060458556,0.028391959331929686,0.015561311,0.00596892,155.4115302085927,38964,9740,0.0005694602034054697,7.917822e-05,7.693593e-05,0.09144571,0.023336329,0.0886409,0.023217393,0.0028048009,0.0001189344
0.49827549903026236,0.027304145600646732,0.013734457,0.0076723215,0.026900247484445573,0.013667176,0.0075169974,155.4149714342151,39004,9750,0.0004038979452161584,6.72803e-05,0.00015532359,0.06317703,0.025295338,0.061950807,0.025161622,0.0012262134,0.00013371775
0.8434420119001166,0.08983933180570602,0.023166997,0.007308458,0.05177591685205697,0.023056868,0.0072158063,155.41690430062812,39044,9760,0.03806341579183936,0.00011013188,9.265121e-05,0.23120737,0.030603431,0.11435281,0.030443823,0.11685457,0.00015961021
0.7352787144063719,0.052161121554672715,0.014294346,0.0083516585,0.04619626021012664,0.01422341,0.008246749,155.41676730592116,39084,9770,0.005964860701351426,7.093664e-05,0.00010491034,0.20244792,0.020487014,0.1730172,0.02038486,0.029430717,0.000102155806
0.6216000761055652,0.03282600305974484,0.023360709,0.0050590145,0.03241082839667797,0.023249002,0.0049313465,155.4205270065013,39124,9780,0.0004151745008130092,0.00011170282,0.00012766704,0.07555742,0.02460415,0.074118525,0.024485882,0.001438882,0.00011826737
0.5802302941176617,0.03310356801375746,0.016912444,0.011667573,0.03240248803049326,0.016827794,0.0115567325,155.42589614629767,39164,9790,0.0007010803630691952,8.4651794e-05,0.00011084094,0.102396786,0.021660903,0.09887634,0.021549815,0.0035204466,0.000111089925
0.6368853163622116,0.049131353944540025,0.021386677,0.008491441,0.044788359105587004,0.021282505,0.008385999,155.431151121872,39204,9800,0.004342995229671942,0.00010417188,0.00010544201,0.13133828,0.02020992,0.11582485,0.020100478,0.015513432,0.000109443616
0.7084319974208428,0.06002885550260544,0.014601231,0.005099335,0.05332131776958704,0.014530395,0.0050352365,155.43633539283232,39244,9810,0.006707536827889271,7.083506e-05,6.409925e-05,0.15866446,0.018968118,0.13818088,0.01887842,0.02048358,8.969861e-05
0.47250634580063144,0.027343646623194218,0.012779577,0.009767425,0.026870670542120934,0.012713363,0.009674026,155.44113160092027,39284,9820,0.00047297680757765195,6.621328e-05,9.3400704e-05,0.07583089,0.018808346,0.07402085,0.018717406,0.001810051,9.0942805e-05
0.5899489830415416,0.038678247295320045,0.017245337,0.009842948,0.037322307098656894,0.017157016,0.008935782,155.4461723038488,39324,9830,0.0013559401406382679,8.8320565e-05,0.00090716477,0.12799332,0.02963718,0.12182197,0.02948602,0.0061713425,0.00015115621
0.5692699445313173,0.033414719812572005,0.0150295785,0.0036552018,0.032884856685996056,0.01495446,0.0036041366,155.44920316633477,39364,9840,0.0005298641095578205,7.5117e-05,5.106487e-05,0.08688381,0.02542882,0.084852956,0.025303094,0.0020308485,0.00012572849
0.5917349703426432,0.030644443072378638,0.012954936,0.010429259,0.030169502086937434,0.012890107,0.010067474,155.4528259793285,39404,9850,0.00047494164391537197,6.483018e-05,0.00036178375,0.08872419,0.021861516,0.0872324,0.021747453,0.0014917834,0.00011406176
0.5853312190763247,0.043976249266415836,0.020571817,0.0051562414,0.043133490905165675,0.020469425,0.005045421,155.45454734856202,39444,9860,0.000842757584177889,0.00010238634,0.00011082029,0.08930948,0.026603045,0.08711685,0.02647331,0.0021926314,0.00012973309
0.5376057190034793,0.029672810155898333,0.01636637,0.010566464,0.02886567749083042,0.016280033,0.010402143,155.4584779504094,39484,9870,0.0008071331751125399,8.633703e-05,0.00016432031,0.062225312,0.023535011,0.059838198,0.023422575,0.0023871094,0.00011243661
0.5859120125860382,0.03747695116326213,0.027353026,0.0047351243,0.03638159157708287,0.027224677,0.004654502,155.461977937064,39524,9880,0.0010953598473861347,0.00012835341,8.062213e-05,0.08708637,0.019445617,0.08337815,0.019352445,0.003708241,9.316923e-05
0.3814215714878303,0.018232547910884023,0.015957909,0.004915881,0.017991293221712116,0.0158789,0.004565668,155.46518160105867,39564,9890,0.00024125488052959552,7.901098e-05,0.00035021256,0.046042733,0.02407633,0.045384426,0.02395967,0.0006583109,0.00011665959
0.6424184247049082,0.0412582385353744,0.01837396,0.0073815035,0.03917132467031478,0.018281527,0.0072859577,155.469216646032,39604,9900,0.002086914388564764,9.243322e-05,9.5546115e-05,0.13888471,0.026396427,0.12885672,0.026275042,0.010027989,0.000121383295
0.5196059742001946,0.025382380373775958,0.01476853,0.0052982005,0.0250722031109035,0.014698185,0.0052024783,155.47292134588167,39644,9910,0.00031017746550787706,7.0345246e-05,9.572256e-05,0.060610652,0.02616521,0.059655435,0.026032006,0.0009552221,0.00013320148
0.6345493675342692,0.04138179756700993,0.014147659,0.009858726,0.03925372627563775,0.014070246,0.009759199,155.47738134387322,39684,9920,0.0021280706609104524,7.741299e-05,9.952736e-05,0.10395759,0.020207189,0.09708023,0.020106886,0.006877345,0.00010030144
0.59051870866365,0.033818835858255625,0.019932307,0.008093441,0.03282736474648117,0.019836701,0.007998832,155.4828768298088,39724,9930,0.0009914707643474685,9.56068e-05,9.461012e-05,0.0861363,0.02584812,0.08248156,0.02572047,0.0036547235,0.00012765024
0.6078728520454938,0.038123251497745515,0.022399012,0.008104297,0.035906040482223026,0.02229005,0.0080038905,155.48827235954892,39764,9940,0.0022172110642713965,0.00010896328,0.000100406556,0.076504394,0.019227857,0.07075962,0.019133035,0.005744773,9.482401e-05
0.5640967860937608,0.03350115492939949,0.018310072,0.004138875,0.032981292065232995,0.018211275,0.0040754452,155.49317507577464,39804,9950,0.0005198635706619825,9.879601e-05,6.342963e-05,0.072068825,0.025900854,0.07056864,0.025771162,0.0015001866,0.00012969057
0.6762337637933584,0.04520469307899475,0.025877068,0.0059801745,0.041509350202977656,0.025754822,0.005828205,155.49504674539247,39844,9960,0.0036953431437723333,0.0001222396,0.00015196987,0.12967174,0.023269175,0.11528388,0.023155829,0.014387868,0.00011334853
0.6864536801429064,0.037979756295681,0.01758895,0.0077267378,0.03698625881224871,0.017502666,0.0076346886,155.49829026334683,39884,9970,0.0009934967543813401,8.628701e-05,9.204886e-05,0.06834653,0.01907978,0.06613325,0.01898165,0.002213292,9.812868e-05
0.5561583866929347,0.03541174028068781,0.025959946,0.009244969,0.034190563764423136,0.025825541,0.009159278,155.50327070960674,39924,9980,0.0012211763016239277,0.00013440603,8.5690626e-05,0.10559535,0.023733702,0.09918654,0.02360018,0.0064088004,0.00013352033
0.5944894560544147,0.026198964565992355,0.020505495,0.009645615,0.02585991015657783,0.020409275,0.0095206145,155.50720592875822,39964,9990,0.00033905426826095206,9.621767e-05,0.00012499945,0.050950605,0.019594986,0.050075088,0.019496724,0.00087552867,9.82614e-05
0.502691106737995,0.030795471323654053,0.012003009,0.008024156,0.030373001471161842,0.011940335,0.007874757,155.50908434157895,40004,10000,0.000422470329067437,6.267357e-05,0.00014939907,0.06292776,0.03204634,0.06180671,0.031892113,0.0011210602,0.00015422628
0.5225726435430471,0.02948308382183313,0.014999741,0.0038786617,0.029108662437647582,0.0149240205,0.0037961842,155.51134214936485,40044,10010,0.0003744209308933933,7.571848e-05,8.247784e-05,0.05916827,0.032132495,0.058088817,0.0319708,0.001079446,0.00016169637
0.5071585611042612,0.033774899225682026,0.014457975,0.009061042,0.032676614355295897,0.014386853,0.008967406,155.5148448856749,40084,10020,0.0010982834377500695,7.112148e-05,9.363551e-05,0.101281255,0.024113743,0.09618269,0.023983516,0.005098569,0.00013022972
0.7157737829312029,0.09743819236755372,0.011058238,0.006279774,0.05624868087470531,0.010996322,0.0059427335,155.51926263687363,40124,10030,0.04118951050259056,6.1915904e-05,0.0003370401,0.31340024,0.024323046,0.16407831,0.024202073,0.1493219,0.0001209709
0.6722070795288361,0.044652655860409146,0.015772048,0.008366415,0.04147321865893901,0.015694253,0.008280925,155.5233508888056,40164,10040,0.0031794366484973577,7.779331e-05,8.549023e-05,0.13920377,0.017168434,0.1267324,0.017085254,0.012471362,8.317798e-05
0.5379894624078645,0.022623811941593883,0.014618907,0.0077064144,0.022450787574052805,0.014547439,0.007622804,155.525406348329,40204,10050,0.0001730247255181894,7.1467366e-05,8.36103e-05,0.04959052,0.022595841,0.049094476,0.022476997,0.0004960505,0.00011884116
0.8178555491519157,0.05735506038181483,0.01240334,0.0061073066,0.055170938931405546,0.012341311,0.006034131,155.52777526352412,40244,10060,0.002184123168262886,6.202797e-05,7.317584e-05,0.13936594,0.042735577,0.13329712,0.04252103,0.0060688406,0.00021454546
0.6876116004285974,0.03871327387169003,0.01929844,0.00953737,0.037771892920136454,0.019199107,0.009334954,155.53076051353267,40284,10070,0.0009413802508788649,9.933363e-05,0.00020241489,0.07761347,0.022777664,0.0751801,0.022661898,0.0024333708,0.00011576055
0.6786260396203431,0.037947708275169134,0.01787716,0.0061459616,0.037388620898127556,0.017790498,0.0060927635,155.5344950873225,40324,10080,0.0005590855733316857,8.666299e-05,5.3198375e-05,0.06925429,0.021585658,0.06792176,0.021480596,0.0013325174,0.00010506396
0.5408151633377204,0.028401535004377365,0.011873286,0.0076454687,0.028008931409567596,0.011807506,0.007546817,155.53786623280413,40364,10090,0.0003926033627067227,6.578053e-05,9.8651544e-05,0.07954359,0.018438054,0.078232296,0.018340526,0.0013112907,9.7528624e-05
0.5258968149390263,0.03060250477865338,0.017430337,0.009462666,0.03000172395259142,0.017345985,0.009334638,155.54068004979197,40404,10100,0.0006007811251038219,8.4352396e-05,0.00012802648,0.07245947,0.024053097,0.070568725,0.02393362,0.001890725,0.00011947465
0.6389376920957752,0.03991620438173413,0.009974391,0.006294183,0.03734530033543706,0.009926537,0.006153462,155.54414406311454,40444,10110,0.002570904119784245,4.7853908e-05,0.00014072013,0.09688892,0.034615695,0.08785419,0.03444753,0.009034732,0.00016816436
0.7367992667257437,0.05232973173260689,0.020826379,0.0049259877,0.05048960112035275,0.020724883,0.0046128845,155.54830027234055,40484,10120,0.0018401301378617061,0.000101497804,0.00031310375,0.1156725,0.028091533,0.11072363,0.02795659,0.004948882,0.000134943
0.7584696407865836,0.05920029981061816,0.014200468,0.0049758777,0.05416256552562118,0.014128365,0.004895253,155.55626874987757,40524,10130,0.005037736673330073,7.210218e-05,8.062483e-05,0.12282177,0.026351325,0.11107967,0.026226312,0.011742096,0.00012501373
0.7241896223966869,0.09039035895839334,0.017469753,0.29013628,0.032897497201338416,0.017383121,0.0055918647,155.5647040620466,40564,10140,0.05749285121382854,8.663384e-05,0.28454438,0.07780725,0.026906693,0.075733334,0.026769053,0.0020739227,0.00013763894
0.841030665977991,0.05140603268519044,0.023824656,0.01705167,0.04976829420775175,0.023709083,0.01686703,155.56894931369337,40604,10150,0.0016377380081394222,0.00011557662,0.00018463984,0.10829766,0.038675852,0.10278191,0.0384789,0.00551575,0.00019695034
0.8332921860051368,0.06765371328219771,0.015872825,0.007974882,0.05781929567456247,0.015787818,0.007889153,155.5752508723376,40644,10160,0.009834413776843577,8.500607e-05,8.572895e-05,0.1927055,0.019400714,0.16013038,0.019304685,0.032575082,9.602675e-05
0.510984819661436,0.03164603533223271,0.018298198,0.009099848,0.031336530856788156,0.018208696,0.008959999,155.58214738788004,40684,10170,0.00030950519867474214,8.9501504e-05,0.0001398491,0.053667165,0.02623177,0.053009417,0.026104411,0.0006577544,0.00012736105
0.6489765630391845,0.03963003139942885,0.021293035,0.018222561,0.03909160122275353,0.021188729,0.018083056,155.58736628207262,40724,10180,0.0005384309697546996,0.00010430572,0.00013950584,0.0817393,0.027287558,0.080116145,0.027148847,0.0016231518,0.00013871296
0.6310917564862332,0.029606657940894367,0.019304447,0.007921612,0.029107684176415207,0.01920724,0.007832418,155.5929171747008,40764,10190,0.0004989740635210183,9.720621e-05,8.919372e-05,0.08362319,0.021372598,0.08152774,0.021259675,0.0020954497,0.00011292486
0.5935973979099456,0.02799915848299861,0.016644632,0.0070514623,0.02763612437993288,0.016564006,0.0069290353,155.59899427698687,40804,10200,0.00036303482047514993,8.062954e-05,0.00012242641,0.0604825,0.027455823,0.0595223,0.027315225,0.00096019363,0.00014059963
0.6459343412843075,0.0368840416893363,0.022092909,0.0038676444,0.03590967394411564,0.021981308,0.00376625,155.6025129108265,40844,10210,0.0009743670205352829,0.00011159761,0.000101393794,0.08037564,0.020106655,0.077782966,0.020004386,0.002592665,0.000102270606
0.6272217666697029,0.034151213336735965,0.0110783875,0.008532745,0.03352740593254566,0.01102327,0.008457683,155.6084648422717,40884,10220,0.0006238068315724375,5.5116743e-05,7.506176e-05,0.08164017,0.018308472,0.079740494,0.018216949,0.0018996753,9.152307e-05
0.6864021961091026,0.03094440326094627,0.014227554,0.006210915,0.03027728646993637,0.014157124,0.0061112368,155.61227495873365,40924,10230,0.0006671165196166839,7.042795e-05,9.967869e-05,0.07880001,0.01851014,0.07660323,0.01841916,0.0021967962,9.098173e-05
0.6044396673449904,0.02658393862657249,0.0149009805,0.008706344,0.026276237610727556,0.014827543,0.008615045,155.6154569513739,40964,10240,0.0003077009234402794,7.3435396e-05,9.129857e-05,0.07166644,0.021731976,0.0704942,0.021622047,0.0011722546,0.0001099296
0.7283453463672999,0.03369782799854874,0.017447807,0.005868975,0.0331142807379365,0.017362118,0.005783963,155.61847628714406,41004,10250,0.0005835471711179707,8.568748e-05,8.5012536e-05,0.086739585,0.03217434,0.08427149,0.032017015,0.0024681098,0.0001573319
0.6556481118034648,0.03835293743759394,0.014960742,0.004369636,0.037755252234637736,0.014885671,0.004202919,155.6200987294804,41044,10260,0.0005976858068606816,7.506924e-05,0.00016671655,0.07339537,0.027169686,0.07208902,0.027027331,0.0013063498,0.00014235478
0.6643494317181687,0.03864545789547265,0.019991614,0.0077076326,0.03582782186567783,0.019891066,0.007630139,155.627130569418,41084,10270,0.0028176348831038924,0.00010054845,7.749367e-05,0.12485829,0.026820129,0.11117333,0.026683973,0.013684954,0.0001361586
0.8240806570836806,0.08427610956132413,0.015271637,0.003903391,0.061865992564708,0.015194312,0.003722222,155.637506418656,41124,10280,0.022410115518141538,7.732475e-05,0.0001811688,0.2809724,0.014146961,0.19981591,0.014073933,0.08115648,7.302899e-05
0.5989760992813212,0.0374122779816389,0.014379184,0.0041595506,0.035767520777881145,0.014310227,0.0039835116,155.64459191853183,41164,10290,0.0016447577450890093,6.8957204e-05,0.00017603915,0.1554701,0.028778741,0.14526094,0.028631864,0.010209155,0.00014687536
0.566153880387449,0.04135550893843174,0.021993028,0.0038157466,0.040200384054332974,0.02188591,0.0037073318,155.64865834060083,41204,10300,0.0011551251147466246,0.00010711689,0.000108414744,0.11041033,0.015408911,0.10647022,0.015333425,0.003940117,7.54856e-05
0.6492770182124888,0.09399122679606081,0.01650126,0.0065873554,0.05418104417622091,0.016411068,0.006406529,155.65442099881145,41244,10310,0.03981018293925445,9.019199e-05,0.00018082497,0.30343658,0.02304658,0.15901724,0.022933677,0.14441937,0.00011290249
0.6408062919914613,0.053472511190921064,0.017773906,0.006763453,0.049448196031153205,0.017680658,0.006693593,155.65875494658258,41284,10320,0.004024316175491548,9.3246286e-05,6.98597e-05,0.15696803,0.033485718,0.1411993,0.033317953,0.015768725,0.00016776894
0.706929945723564,0.05540298968553544,0.021110881,0.0072271535,0.053596023470163345,0.021003077,0.0067967307,155.6600072881315,41324,10330,0.0018069642916088923,0.00010780086,0.0004304222,0.124961644,0.025858331,0.120217495,0.025733419,0.0047441535,0.00012491421
0.7000045620574302,0.05747108268551529,0.019277355,0.007034503,0.0460367617662996,0.019182388,0.0069651105,155.66365159260152,41364,10340,0.011434325079608242,9.496102e-05,6.9393456e-05,0.21784906,0.028077941,0.1610633,0.027939595,0.056785777,0.00013834659
0.4141462506905432,0.01989466222003103,0.012074223,0.0065275677,0.01964453724212944,0.012012728,0.006078775,155.6676131133202,41404,10350,0.00025012502301251515,6.149423e-05,0.00044879207,0.03995058,0.024070501,0.03952791,0.023945026,0.00042266017,0.00012547859
0.789807619376241,0.1133790485560894,0.014718226,0.011458424,0.06527084596455097,0.014646441,0.011353169,155.6722357605575,41444,10360,0.048108209396014,7.1787035e-05,0.00010525582,0.305935,0.036186293,0.15816098,0.036004186,0.14777409,0.00018210607
0.810300220940071,0.06979230465367436,0.018029528,0.0047335248,0.06232963306829334,0.017940337,0.0045024483,155.67429397112798,41484,10370,0.0074626730194722775,8.918978e-05,0.0002310758,0.21000814,0.025264453,0.18324684,0.02512958,0.026761293,0.00013487108
0.6112171269283925,0.027670266479253768,0.027664352,0.006463195,0.027424775343388316,0.027532095,0.006378279,155.67744985631293,41524,10380,0.00024549097506678665,0.0001322618,8.491602e-05,0.059862792,0.021202868,0.05913923,0.021097189,0.0007235541,0.00010567799
0.6404530060543783,0.055510674021206796,0.011833061,0.0039071157,0.04884771364741027,0.011769613,0.003772035,155.68272699163649,41564,10390,0.006662960869289237,6.344685e-05,0.00013508028,0.19133775,0.02689175,0.16214076,0.026752437,0.02919701,0.00013931328
0.6366319267672439,0.03774051945656538,0.014946408,0.0049731913,0.036370862461626526,0.014872506,0.004918401,155.6881360478665,41604,10400,0.0013696559981326573,7.3902e-05,5.4789296e-05,0.092343345,0.014366794,0.08826782,0.014295264,0.004075528,7.153072e-05
0.5045026954288305,0.02674239091575146,0.014069578,0.007074317,0.026402884908020497,0.013993238,0.006971176,155.6906179895149,41644,10410,0.0003395063838979695,7.633953e-05,0.00010314257,0.05657965,0.025273655,0.055629864,0.025143037,0.0009497858,0.00013062394
0.6285524301379335,0.032907179184257986,0.016100107,0.009559155,0.031975829228758815,0.016019134,0.008654293,155.69247728188466,41684,10420,0.0009313491034845355,8.097162e-05,0.00090486364,0.09721905,0.021416873,0.093664475,0.0213006,0.0035545886,0.000116273
0.5348830192250837,0.031135016866028303,0.016696168,0.008649389,0.030668010562658315,0.016613105,0.008536116,155.69750004760272,41724,10430,0.0004670066511607728,8.306652e-05,0.00011327302,0.07199544,0.027155356,0.07012679,0.027012778,0.0018686405,0.00014257824
0.6118568805502108,0.026948915608227254,0.017604638,0.006204694,0.026462238188833,0.017515982,0.0061256196,155.70240351374042,41764,10440,0.00048667768060113304,8.865191e-05,7.907322e-05,0.08174081,0.032459974,0.07911013,0.032291025,0.0026306813,0.00016894747
0.7269198382165708,0.038026992324739696,0.013938943,0.007688587,0.03541811062023043,0.013868311,0.007621388,155.70595160327608,41804,10450,0.002608880366460653,7.063243e-05,6.719882e-05,0.09760101,0.028884713,0.08747797,0.028720764,0.0101230405,0.00016394554
0.809158415754205,0.06862745978869497,0.013601012,0.008248172,0.055193423619493844,0.013528926,0.008076759,155.70885161468814,41844,10460,0.013434032553413999,7.208543e-05,0.00017141215,0.25504526,0.028315252,0.1957978,0.028170379,0.0592474,0.00014487436
0.6575729091251397,0.03842857461422682,0.015275802,0.008109102,0.03529201056808234,0.0151978135,0.00801289,155.7138157484876,41884,10470,0.003136562196596059,7.7988014e-05,9.621317e-05,0.14480066,0.016420573,0.12946557,0.016343966,0.015335097,7.660956e-05
0.6906770879793879,0.05157467606477439,0.013497671,0.007135914,0.04837685823440552,0.013428436,0.0070395633,155.71859317678883,41924,10480,0.003197815501334844,6.923365e-05,9.63505e-05,0.14491579,0.017231662,0.13445449,0.017143566,0.010461291,8.809603e-05
0.7139474196636457,0.12705198787152766,0.01754188,0.38191953,0.03344386694952846,0.017458666,0.009514649,155.72253868770122,41964,10490,0.09360812027734937,8.321455e-05,0.37240487,0.087300785,0.031141574,0.08531641,0.03097473,0.0019843741,0.00016683796
0.46956453861739816,0.0210872788913548,0.015309773,0.0048727137,0.020872932393103838,0.0152298035,0.0046575633,155.72702500224972,42004,10500,0.0002143459591025021,7.997149e-05,0.00021515085,0.03739482,0.025832128,0.036926307,0.025697038,0.0004685172,0.00013509259
0.6245228150874821,0.0339186180382967,0.024847064,0.0018093052,0.033456408977508546,0.024724955,0.001695498,155.72903035825354,42044,10510,0.0004622097549145109,0.00012211183,0.00011380712,0.0541169,0.025232213,0.05295115,0.025106886,0.0011657479,0.00012532277
0.6580968754877116,0.03550394745543599,0.015902821,0.0050563975,0.03318336224183441,0.015826186,0.004952843,155.72868297721547,42084,10520,0.0023205868801596807,7.663499e-05,0.00010355496,0.10863346,0.02163449,0.09866361,0.021522604,0.009969846,0.00011189178
0.8482005469133804,0.06258993847295642,0.012671371,0.0065127453,0.05839212955906987,0.012603809,0.0064081587,155.72982651869984,42124,10530,0.004197810693585779,6.75626e-05,0.00010458621,0.16071235,0.028626118,0.14801046,0.028479695,0.012701855,0.00014642447
0.5086257684792778,0.02423728220164776,0.015741324,0.0056456705,0.023936784733086823,0.015661268,0.005568926,155.73327671690362,42164,10540,0.00030049781053094194,8.005802e-05,7.6744174e-05,0.074620515,0.022473605,0.073138565,0.02235975,0.0014819494,0.00011385654
0.638674982640871,0.037699385080486536,0.01481178,0.012006545,0.03239916767925024,0.014733301,0.011779382,155.738237512383,42204,10550,0.005300218184856931,7.847889e-05,0.0002271649,0.21475773,0.026518585,0.16312006,0.026386267,0.05163767,0.000132318
0.4847629762456211,0.030396469216793776,0.010867082,0.0076998426,0.029842165764421225,0.010812777,0.0074136467,155.74198422628078,42244,10560,0.0005543032842979302,5.4305165e-05,0.00028619566,0.063806616,0.02436338,0.062427223,0.024232773,0.0013793986,0.00013060431
0.6722120269013376,0.029450208880007267,0.016140252,0.0060820295,0.02907197866588831,0.016062915,0.005979304,155.74670024882397,42284,10570,0.0003782301690080203,7.733662e-05,0.000102725855,0.06360699,0.027789209,0.062411074,0.027650757,0.0011959125,0.00013845088
0.5775292195981676,0.022272375179454688,0.008517782,0.0049842694,0.021774656418710948,0.008476657,0.0048400187,155.75101030539076,42324,10580,0.0004977172247890849,4.112314e-05,0.00014424972,0.06620014,0.018581737,0.064340785,0.01848363,0.001859359,9.810666e-05
0.7881229117493187,0.07976754773408175,0.015807625,0.0065953825,0.06723398678004743,0.015730374,0.0064796787,155.75316613683233,42364,10590,0.012533558407449163,7.7250945e-05,0.00011570273,0.17216821,0.032098383,0.1410064,0.03194711,0.03116179,0.00015126776
0.682550131142619,0.037876187078654776,0.016273443,0.009530931,0.03718112371861935,0.016192984,0.009420759,155.75676898832234,42404,10600,0.0006950630369829014,8.045787e-05,0.000110171306,0.082902126,0.027716724,0.08068454,0.02757644,0.0022175962,0.00014028483
0.5618057659093366,0.029436521045863633,0.010749164,0.007985621,0.029012052156031136,0.010696726,0.007894755,155.75981140094174,42444,10610,0.00042446913430467244,5.2438885e-05,9.0865906e-05,0.061157368,0.023448715,0.060030214,0.02332932,0.001127146,0.0001193948
0.8396150495256898,0.05790432458743453,0.017630827,0.00882816,0.04713839748874308,0.01754261,0.008715635,155.76316331867807,42484,10620,0.010765924810402793,8.821603e-05,0.00011252435,0.18674041,0.016204856,0.14394395,0.016127747,0.04279647,7.711453e-05
0.47796158642475206,0.019999377522617576,0.01659955,0.0054216487,0.019824041333049536,0.01651897,0.005306744,155.76680323720979,42524,10630,0.00017533603459014556,8.058148e-05,0.00011490517,0.05557347,0.020914307,0.05498772,0.020805268,0.00058574404,0.000109035886
0.5306560481925406,0.03067088397219777,0.023604678,0.004935038,0.030300811398774385,0.02349195,0.004882447,155.77070753939645,42564,10640,0.0003700723755173385,0.00011272355,5.2591095e-05,0.056761645,0.020487504,0.05575512,0.020388003,0.0010065233,9.950009e-05
0.687451223944793,0.04585521444678307,0.01722521,0.0038906536,0.04360170438885689,0.017134894,0.0037863809,155.77638373144538,42604,10650,0.002253510450827889,9.031642e-05,0.00010427249,0.109936975,0.04176339,0.10212092,0.041531183,0.007816057,0.0002322177
0.5256631090894739,0.03287309193983674,0.021657176,0.0053427243,0.03204833013005555,0.021547848,0.005265687,155.7856534712825,42644,10660,0.0008247621117334347,0.00010932839,7.703728e-05,0.08889758,0.022484379,0.085569635,0.022378448,0.0033279313,0.00010593273
0.4919564569950553,0.021041553746908904,0.013843358,0.005473904,0.020384345296770336,0.013773061,0.0053414116,155.7915155480099,42684,10670,0.0006572082464117556,7.029573e-05,0.00013249264,0.08274557,0.012804224,0.07890156,0.012738504,0.00384402,6.572073e-05
0.4921302585243489,0.021572457393631346,0.013847761,0.006617879,0.02120741670951247,0.013778996,0.0059336578,155.7956203765469,42724,10680,0.00036503987321339086,6.876438e-05,0.00068422186,0.052058212,0.01855109,0.051162228,0.018458508,0.0008959866,9.2578375e-05
0.6610099140913825,0.0433500706218183,0.00980925,0.0046675825,0.040436418494209654,0.009760491,0.0046094786,155.79788483757756,42764,10690,0.002913653782161418,4.8758295e-05,5.810423e-05,0.11508774,0.032793712,0.10474282,0.032619566,0.0103449235,0.00017414732
0.519231640622745,0.03312510726973415,0.0153982835,0.007847499,0.032606875617057086,0.015322973,0.0077402904,155.80091691197413,42804,10700,0.0005182313681871165,7.530817e-05,0.0001072071,0.083524674,0.019797092,0.081882656,0.019701274,0.001642022,9.581942e-05
0.6085758146794537,0.08325845878571271,0.017159238,0.16941574,0.03706251410767436,0.017077401,0.0048334966,155.8056128827992,42844,10710,0.046195940604229685,8.183582e-05,0.16458222,0.087627694,0.022464994,0.08487123,0.02235416,0.0027564496,0.00011083273
0.6897924142676064,0.04260076489299536,0.019009873,0.007786138,0.04076919946819545,0.01891791,0.007656193,155.8112946167592,42884,10720,0.0018315639688808005,9.196309e-05,0.0001299436,0.1132891,0.027259637,0.106937565,0.027113097,0.0063515436,0.00014653915
0.6724208215862356,0.027203756105154752,0.024111066,0.0048939805,0.027000348549336195,0.023990942,0.004817285,155.8184456514219,42924,10730,0.00020340852934168653,0.00012012426,7.66948e-05,0.06440861,0.021942375,0.06375049,0.02183412,0.0006581183,0.000108253225
0.6816155892488287,0.04473121110349893,0.019421088,0.010384432,0.04268764797598124,0.019321736,0.010141758,155.827783283411,42964,10740,0.002043562279868638,9.935577e-05,0.00024267384,0.10231362,0.021725636,0.09633981,0.021610513,0.0059738206,0.00011512184
0.69820471065917,0.05447633424773812,0.013082992,0.008121194,0.051207026559859516,0.013018578,0.008025339,155.83432927403928,43004,10750,0.0032693074783310292,6.4413005e-05,9.585531e-05,0.13368556,0.03352175,0.123833634,0.033334386,0.009851951,0.00018736158
0.5446591820055011,0.029710856825113298,0.024996946,0.0050103217,0.029136697947978976,0.024878195,0.004921357,155.8391391908192,43044,10760,0.0005741596578445751,0.00011875109,8.896405e-05,0.06755465,0.016833948,0.06556959,0.016740715,0.0019850577,9.32309e-05
0.6586466527811351,0.04654390350915491,0.01848029,0.007880693,0.0444518031552434,0.018377628,0.0077891084,155.84540128459363,43084,10770,0.002092100698064314,0.00010265929,9.1584814e-05,0.1359897,0.027811006,0.12794991,0.02766591,0.008039762,0.00014509966
0.6361527821749151,0.03826182801276446,0.017520553,0.0071969843,0.03773236405104399,0.017438047,0.00711481,155.85055555420257,43124,10780,0.0005294645699905231,8.250304e-05,8.217433e-05,0.09124984,0.02130172,0.08969725,0.021195186,0.0015525962,0.00010653341
0.7657944216205307,0.09750359845347703,0.018061033,0.0043576015,0.054736235132440914,0.01797576,0.0042788032,155.85314577099274,43164,10790,0.04276735934508906,8.527244e-05,7.8798315e-05,0.28023827,0.03355169,0.13795014,0.033375666,0.14228815,0.0001760184
0.69441043084172,0.05317611182108521,0.018859068,0.010088817,0.041176987439394,0.018762315,0.009988172,155.85658870913633,43204,10800,0.011999128155730432,9.675347e-05,0.00010064705,0.18762898,0.016512671,0.13462706,0.01642654,0.05300194,8.6133245e-05
0.5087575356553667,0.07618823554366827,0.016981604,0.0074820193,0.03856399785727263,0.01688867,0.0070184036,155.8604761748928,43244,10810,0.03762423654989106,9.2931994e-05,0.0004636166,0.31180102,0.03363217,0.12473704,0.03345612,0.18706399,0.00017604722
0.47713378253986016,0.023835146147757773,0.012842925,0.0071515706,0.023637547437101603,0.012780781,0.007065645,155.86524155151994,43284,10820,0.00019759807400987484,6.214488e-05,8.592528e-05,0.062631235,0.022296313,0.06199715,0.022181347,0.0006340833,0.00011496637
0.719277235357944,0.08136311797425151,0.019681329,0.12643465,0.03921314626932145,0.019584792,0.0063528786,155.8694953477348,43324,10830,0.04214997253584442,9.653451e-05,0.120081775,0.12328257,0.030547861,0.110970914,0.030406747,0.012311655,0.00014111637
0.8211127460855987,0.07797827450558543,0.017149197,0.0038806167,0.06464727371931075,0.017057836,0.0036502073,155.87434418011344,43364,10840,0.013331004143401515,9.136227e-05,0.0002304096,0.20861425,0.020739641,0.16788876,0.020631883,0.040725484,0.00010776128
0.611685453483534,0.04110086793079972,0.02012961,0.0048686313,0.039180595055222506,0.020033801,0.00476891,155.87920889819299,43404,10850,0.0019202718161977826,9.580901e-05,9.972052e-05,0.14060324,0.012344521,0.13237894,0.012276832,0.008224313,6.7688445e-05
0.5000398984415272,0.028569725714623927,0.014120392,0.0060842233,0.027773772738873957,0.014049812,0.006007504,155.88370131783577,43444,10860,0.0007959525173646398,7.0580136e-05,7.6719356e-05,0.07498565,0.021323647,0.07174441,0.02121674,0.0032412417,0.00010691073
0.518400753039302,0.055713651701807976,0.016210645,0.104783855,0.023766472190618514,0.016134027,0.007421312,155.88898209740893,43484,10870,0.03194717678779853,7.662019e-05,0.09736254,0.05707242,0.018716993,0.055996295,0.018626574,0.0010761158,9.041676e-05
0.6455855350225825,0.03182463664561509,0.016004264,0.009379739,0.0312221147119999,0.015920531,0.009282385,155.89440526162966,43524,10880,0.0006025222835887689,8.373412e-05,9.7354976e-05,0.09144984,0.023962224,0.08885722,0.023833135,0.002592616,0.00012908937
0.6674040280484357,0.03877287646755576,0.01262014,0.005746018,0.03688956499099731,0.012551492,0.005651428,155.89879965194183,43564,10890,0.001883310621633427,6.864691e-05,9.458949e-05,0.15544449,0.027698211,0.14514324,0.027560547,0.010301234,0.00013766665
0.8118784336548313,0.04499330287799239,0.02230093,0.00754124,0.04304793793708086,0.022193765,0.0074558747,155.90172328530846,43604,10900,0.001945365219580708,0.00010716044,8.536544e-05,0.11509314,0.03268726,0.10766174,0.03252532,0.0074314093,0.000161944
0.6027954002679757,0.03068583831191063,0.009630525,0.0073659127,0.030197305884212256,0.009581419,0.007264047,155.9062061248003,43644,10910,0.0004885320828179828,4.9104932e-05,0.00010186705,0.076558605,0.025928691,0.07490376,0.025796909,0.0016548373,0.00013178348
0.713657867350413,0.09248857665807009,0.016354274,0.004304298,0.05336647480726242,0.0162698,0.004234569,155.91239494082134,43684,10920,0.03912211029746686,8.447607e-05,6.972875e-05,0.29598707,0.022842698,0.15396953,0.022727046,0.14201754,0.00011565582
0.7302349770522701,0.04252210082486271,0.010946345,0.009402818,0.04149538800120354,0.010889068,0.009192734,155.91899172188104,43724,10930,0.0010267118261253925,5.7277204e-05,0.00021008593,0.0913528,0.024835002,0.08869508,0.02470107,0.0026577155,0.00013392855
0.5258083011349405,0.02700641267001629,0.02050535,0.005425205,0.026711621042340993,0.020407775,0.005044965,155.92635217241371,43764,10940,0.0002947915869299322,9.7578755e-05,0.00038023986,0.04492794,0.0278064,0.044399895,0.027670357,0.0005280474,0.00013604555
0.5554935985176045,0.040951495571061966,0.018548561,0.006641563,0.03908383771777153,0.018456306,0.0064846985,155.93206861368134,43804,10950,0.0018676586150832009,9.2257214e-05,0.00015686422,0.1381171,0.021413295,0.12921473,0.021310683,0.00890238,0.00010261051
0.7188541214955759,0.09599540308117867,0.019313486,0.006683184,0.05734296808950604,0.019219324,0.0066180667,155.93633363853544,43844,10960,0.0386524262939929,9.416037e-05,6.511695e-05,0.32951945,0.025887635,0.1752169,0.02575109,0.1543025,0.00013654541
0.7762855127765345,0.057857518643140794,0.021797528,0.005895883,0.047557138092815865,0.021688744,0.0058264984,155.94046773406316,43884,10970,0.010300380225817205,0.00010878567,6.938413e-05,0.12752223,0.02175793,0.10020994,0.021652978,0.02731231,0.00010495205
0.6994856592277008,0.046089245378971105,0.017124914,0.009590221,0.0447686018422246,0.017039139,0.009481752,155.94530143225367,43924,10980,0.001320642740756739,8.57734e-05,0.0001084695,0.11319417,0.033950225,0.10830175,0.033777665,0.004892402,0.00017255952
0.8580017286630961,0.06013436960056424,0.011318496,0.0070063854,0.05443482547998429,0.011258222,0.006915621,155.9514350021985,43964,10990,0.005699546668620314,6.0273298e-05,9.0763046e-05,0.15139276,0.023768816,0.13405448,0.023651356,0.017338278,0.00011746385
0.7163848612336382,0.05200498579069973,0.02574957,0.0049109403,0.04860193440690637,0.025626179,0.004788602,155.95701282122513,44004,11000,0.0034030546725261953,0.00012339026,0.00012233926,0.11096313,0.019009765,0.10208304,0.018912032,0.008880054,9.773269e-05
0.5507779763593513,0.028907800931483506,0.018866284,0.008074559,0.02853265404701233,0.018772328,0.007983591,155.96126439726427,44044,11010,0.00037514720606850454,9.39557e-05,9.096762e-05,0.081528224,0.021250542,0.08004091,0.021139884,0.0014873197,0.000110657835
0.7446747024381248,0.0566388004925102,0.014730082,0.0101335,0.05291556725278497,0.014655413,0.009658054,155.9635401387924,44084,11020,0.0037232318078167744,7.4669064e-05,0.00047544704,0.13801943,0.029674254,0.1270683,0.02953199,0.010951126,0.00014226719
0.5931012228014528,0.04606985794380307,0.013795345,0.005597812,0.04285324672237038,0.013726753,0.0055294437,155.96520504914838,44124,11030,0.0032166097807930782,6.85927e-05,6.836935e-05,0.14582376,0.023662036,0.13319878,0.023542054,0.012624957,0.000119980556
0.6335359145614772,0.08443436794914305,0.012874939,0.004433422,0.04570648916997016,0.012815481,0.0043658935,155.96714371348418,44164,11040,0.03872788062508334,5.9457678e-05,6.752882e-05,0.235437,0.02413354,0.11644584,0.02399985,0.118991174,0.00013369012
0.5695249395876539,0.02565486365929246,0.008329125,0.0056298906,0.02531638247892261,0.008286744,0.005524344,155.96992407322193,44204,11050,0.00033848080420284527,4.2381216e-05,0.0001055459,0.066079766,0.020655287,0.06500936,0.020545755,0.0010703981,0.000109534274
0.5017101802938828,0.021330491080880167,0.018904604,0.007086252,0.021110775414854288,0.01881265,0.007004616,155.97272752721057,44244,11060,0.00021971574387862346,9.195245e-05,8.1636754e-05,0.043684933,0.022116661,0.0428831,0.022005895,0.0008018246,0.00011076659
0.5932762968680233,0.03726515267044306,0.021874165,0.0044142106,0.036625208752229806,0.02175814,0.0043544583,155.97508123943052,44284,11070,0.0006399437432264677,0.00011602578,5.975289e-05,0.07039167,0.03471958,0.068770155,0.03455362,0.0016214831,0.00016595739
0.47455103784307334,0.021280115959234534,0.011667734,0.004866763,0.020996639132499693,0.011608419,0.004794269,155.9778618729006,44324,11080,0.000283477256380138,5.931529e-05,7.2494826e-05,0.064926356,0.026845742,0.06355827,0.026703143,0.0013680854,0.00014260299
0.6349411492243552,0.05666111931204796,0.009364509,0.004072377,0.05186957390978932,0.009315609,0.004025108,155.98431237731788,44364,11090,0.004791545306215995,4.8901118e-05,4.7268164e-05,0.19161807,0.025316797,0.1726563,0.025183592,0.01896177,0.00013320208
0.6071003873585772,0.034562556166201824,0.0081435945,0.005228397,0.033622741140425204,0.008100682,0.005158796,155.99297945782737,44404,11100,0.0009398137503012549,4.2912317e-05,6.96015e-05,0.07796966,0.01692946,0.07541893,0.016842669,0.0025507149,8.679718e-05
0.628178250726964,0.036039190553128715,0.015675986,0.0073270095,0.03526296876370907,0.015594313,0.0072579226,156.00086343387053,44444,11110,0.0007762217603158206,8.1673206e-05,6.908649e-05,0.078786805,0.03268516,0.07625607,0.032517765,0.002530738,0.00016739323
0.789845753526282,0.058290311973541974,0.017646074,0.007508591,0.05454109571874142,0.01755829,0.007391165,156.00941281387702,44484,11120,0.003749218049779301,8.778511e-05,0.000117425436,0.14549282,0.019537345,0.13416398,0.019438388,0.0113288835,9.895337e-05
0.5169940433898041,0.023944704700261353,0.01604125,0.0064285896,0.023739540204405787,0.015958318,0.0063265334,156.01751572665935,44524,11130,0.00020516518306976648,8.2932165e-05,0.00010205511,0.048196513,0.02049073,0.047704145,0.020388385,0.00049236167,0.00010234034
0.60514234391649,0.031312676705420026,0.015100384,0.008563793,0.030634910520166165,0.015022043,0.008415472,156.02425386710667,44564,11140,0.000677766418812098,7.834486e-05,0.00014832096,0.07916798,0.028171439,0.076557875,0.028015172,0.0026100944,0.00015626462
0.6669796053297531,0.04683609241619706,0.016990842,0.0075198915,0.04333595400676131,0.016905615,0.007365464,156.030055758623,44604,11150,0.003500139221432619,8.522874e-05,0.0001544292,0.09968432,0.024734767,0.0899128,0.024601754,0.009771499,0.0001330155
0.6570960261982972,0.06085659726522863,0.010731122,0.00655304,0.048867355007678276,0.010675019,0.006458048,156.03689970733757,44644,11160,0.011989244630603935,5.6105004e-05,9.499191e-05,0.20312318,0.02301903,0.15543792,0.022898432,0.04768528,0.000120600234
0.5360815692622825,0.028509002923965455,0.017414065,0.010550697,0.028201971855014565,0.017329678,0.010432949,156.04081139626194,44684,11170,0.00030703034062753434,8.438335e-05,0.00011775111,0.066073984,0.022358906,0.065160885,0.022247246,0.0009131072,0.000111661866
0.4754576772519646,0.02891962295398116,0.020740028,0.009204353,0.028602486755698923,0.020637238,0.009066067,156.04332856586976,44724,11180,0.00031713622229290195,0.00010278982,0.00013828762,0.058542214,0.020804316,0.057754554,0.02070653,0.000787657,9.778606e-05
0.5240789459298996,0.02597960606217384,0.010686196,0.0070244917,0.025472334446385504,0.010633323,0.0069482583,156.0466482472851,44764,11190,0.0005072716885479167,5.2873518e-05,7.623245e-05,0.091175504,0.038801305,0.08708125,0.03860621,0.0040942472,0.00019510415
0.8026671252750287,0.04642769768834114,0.010769195,0.011294657,0.04517275281250476,0.0107165845,0.011039364,156.0514150844864,44804,11200,0.0012549449187645222,5.26107e-05,0.00025529487,0.09935821,0.02735243,0.096041046,0.027211567,0.0033171684,0.00014086247
0.7276696196286531,0.04983853632584215,0.010425537,0.006033648,0.04337719650939107,0.010369049,0.005970454,156.05614525619058,44844,11210,0.006461341443355195,5.648822e-05,6.31933e-05,0.14644575,0.020410918,0.12314757,0.02031486,0.023298213,9.605808e-05
0.47367575084375263,0.028180354833602907,0.018006273,0.006771202,0.027751704212278128,0.017915841,0.00656041,156.06036223501138,44884,11220,0.0004286516028514598,9.0431706e-05,0.00021079043,0.060117535,0.019399498,0.059112836,0.019289365,0.001004688,0.00011013184
0.4814850888764137,0.024194721970707177,0.020735484,0.007838169,0.023908462561666965,0.02062842,0.0074333595,156.06399884483693,44924,11230,0.0002862601839296985,0.000107062486,0.00040481103,0.052903872,0.022387398,0.052432887,0.022278145,0.00047098493,0.00010925009
0.5132702040269744,0.024986648000776768,0.015665893,0.01288543,0.024669388122856614,0.015586192,0.012717715,156.06784949719113,44964,11240,0.00031726013039588,7.9700934e-05,0.00016771427,0.05867952,0.020804605,0.05755565,0.020700464,0.0011238792,0.00010413819
0.7508547967042754,0.06544983806088567,0.0195179,0.005075153,0.05765072666108608,0.019424789,0.005011086,156.06951336928728,45004,11250,0.007799107697064757,9.311241e-05,6.406687e-05,0.12305036,0.019546892,0.10672453,0.019437965,0.016325856,0.000108928565
0.5739681107597074,0.03328074626624584,0.01049624,0.004220251,0.03236063783988356,0.010441686,0.00415733,156.0715762179138,45044,11260,0.0009201087304973044,5.4553697e-05,6.292062e-05,0.08259808,0.029214889,0.07948358,0.0290608,0.0031145054,0.00015408685
0.6479589143749517,0.043695309571921824,0.016437948,0.004764848,0.04237131737172604,0.01635287,0.0046506305,156.07415787127462,45084,11270,0.0013239920575870202,8.507942e-05,0.00011421728,0.12192611,0.026983099,0.116949245,0.026851626,0.004976853,0.00013147449
0.507078210162949,0.033597152680158615,0.014408149,0.0059680734,0.032930212840437886,0.014340615,0.005846726,156.07783580253292,45124,11280,0.0006669401715043932,6.753254e-05,0.000121347395,0.07272554,0.021524372,0.07088665,0.02141816,0.0018389052,0.000106209525
0.7399353303050249,0.07211342304944993,0.012837903,0.007356928,0.06347365044057371,0.012774232,0.007270822,156.08204897928474,45164,11290,0.008639773129834792,6.367216e-05,8.610702e-05,0.20721994,0.024592748,0.17862013,0.024467535,0.028599817,0.00012521324
0.47873261451972565,0.026198991946876048,0.017899787,0.005068931,0.02573890304192901,0.017810585,0.0049588247,156.08610681482074,45204,11300,0.0004600898049829994,8.9203466e-05,0.000110106994,0.10005873,0.025231011,0.097151995,0.025102131,0.002906731,0.00012887597
0.5394934846380544,0.023565471172332767,0.018727122,0.007248378,0.023288926947861912,0.018628366,0.0071365656,156.08994628307747,45244,11310,0.00027654475343297236,9.875423e-05,0.000111812915,0.061200693,0.020456752,0.06012065,0.02035038,0.0010800401,0.000106367625
0.5847084998753185,0.038763937912881366,0.013862297,0.006659345,0.03694848185405135,0.01379527,0.0065801,156.0930246418199,45284,11320,0.0018154571534978459,6.7026456e-05,7.9244644e-05,0.10799393,0.019890746,0.10160668,0.019795291,0.0063872556,9.545624e-05
0.6195326292028633,0.028444936219602823,0.027025774,0.0061243125,0.028116612136363985,0.026891626,0.0060291267,156.09471693341783,45324,11330,0.00032832398210302927,0.0001341482,9.518534e-05,0.05176981,0.030616172,0.050759763,0.030459229,0.001010049,0.00015694425
0.3859971299811685,0.024549754802137617,0.018628465,0.005354686,0.02422449253499508,0.018537281,0.0052473275,156.09724665954894,45364,11340,0.00032526279792364224,9.1181704e-05,0.0001073589,0.06981466,0.020675112,0.06843711,0.02056888,0.0013775643,0.00010623309
0.5355341101933534,0.030652891844511032,0.015957355,0.0104938485,0.030233294889330863,0.015868565,0.010390178,156.10288684225992,45404,11350,0.00041959652080549866,8.878965e-05,0.00010367181,0.06780187,0.026734438,0.06644713,0.026605757,0.0013547402,0.00012868328
0.523473845556758,0.02777048209682107,0.0091101425,0.007369987,0.02668266138061881,0.009065433,0.0072860164,156.10843810014612,45444,11360,0.0010878195294935723,4.4709275e-05,8.397108e-05,0.07394451,0.020483268,0.06982141,0.020379845,0.004123102,0.00010342206
0.5354651615883781,0.029747579107061033,0.013980774,0.00661804,0.029268848430365327,0.013905544,0.006544969,156.11151009648862,45484,11370,0.00047873088915366684,7.522866e-05,7.3071744e-05,0.06751752,0.02843865,0.06603304,0.028289601,0.0014844647,0.00014904815
0.469812865933908,0.028735995572060347,0.014413356,0.0071895425,0.027600331790745253,0.014341128,0.0070324163,156.113899907682,45524,11380,0.0011356634946423582,7.2226634e-05,0.00015712599,0.099083535,0.018182412,0.09307798,0.018090187,0.006005567,9.2226095e-05
0.6665044774585231,0.04586712075397372,0.017096834,0.007104282,0.04169251220300794,0.017012902,0.0070153186,156.11661587937832,45564,11390,0.004174608644098044,8.393588e-05,8.8962595e-05,0.10100323,0.026533235,0.08926758,0.02638391,0.011735645,0.00014932662
0.6583435950619227,0.045875430665910245,0.019159991,0.0059836735,0.04208835493773222,0.01905482,0.0058789174,156.1208623999632,45604,11400,0.0037870749860303473,0.000105174935,0.00010475585,0.11700939,0.030246103,0.10356566,0.030085353,0.013443725,0.00016074814
0.6867182518846825,0.037694270908832546,0.019202119,0.007634066,0.03558530360460281,0.019107968,0.007559425,156.12463802578532,45644,11410,0.0021089678797579833,9.4148636e-05,7.464003e-05,0.1120153,0.020262122,0.102951884,0.020162357,0.009063414,9.976852e-05
0.5438242383068005,0.02164071630686521,0.01707189,0.0098553,0.021387959830462933,0.016982922,0.009765403,156.13091504187466,45684,11420,0.0002527564880438149,8.896477e-05,8.9894565e-05,0.07577203,0.015660895,0.074359104,0.015578617,0.0014129352,8.227552e-05
0.4759347307683216,0.023142488952726123,0.012676129,0.0054838667,0.02280990546569228,0.012611865,0.00541807,156.13551470858533,45724,11430,0.00033258391486015173,6.4264204e-05,6.579718e-05,0.11706477,0.023535151,0.11374836,0.023414446,0.0033164078,0.000120705095
0.6366176480572775,0.03697099331766367,0.01627545,0.0040688375,0.035869200620800255,0.016195163,0.003960355,156.13765583732018,45764,11440,0.0011017920667654836,8.028845e-05,0.00010848324,0.08819794,0.026177902,0.08478166,0.026045782,0.003416265,0.00013211707
0.5015516289028019,0.027946355938911437,0.015170486,0.005517382,0.027468280307948588,0.015092182,0.0054424712,156.14125213045514,45804,11450,0.0004780760566063691,7.830647e-05,7.4912874e-05,0.072605535,0.021735674,0.070947945,0.021627542,0.0016575984,0.000108129985
0.8717501901727774,0.06321159601211547,0.010466678,0.008005659,0.05582636119797826,0.010416412,0.007903912,156.14381833648622,45844,11460,0.007385233516106382,5.0267023e-05,0.0001017486,0.18777674,0.022569036,0.16117533,0.02246057,0.026601387,0.00010846544
0.5630094557686812,0.021685392316430806,0.013490681,0.0072385976,0.021450461819767952,0.013424389,0.007077581,156.1452468157502,45884,11470,0.0002349298039916903,6.6290995e-05,0.00016101434,0.05565391,0.021463983,0.05495229,0.021349745,0.0007016179,0.00011423911
0.6187250465368956,0.028006259491667147,0.011662604,0.008396995,0.02766609350219369,0.011605419,0.008315368,156.14533664550427,45924,11480,0.0003401656998903491,5.718739e-05,8.162925e-05,0.07421072,0.020910557,0.07308994,0.020810716,0.0011207601,9.9839715e-05
0.5674208317671745,0.030334475543349983,0.015450095,0.005561594,0.029123245645314454,0.015371065,0.0054816236,156.14696050295865,45964,11490,0.0012112302938476205,7.903073e-05,7.99706e-05,0.08492034,0.023546081,0.07923142,0.023430306,0.005688918,0.000115774834
0.6664434153498415,0.02861619181931019,0.015965622,0.00860924,0.028170183394104247,0.01587955,0.008471226,156.14870203816972,46004,11500,0.00044600884139072154,8.6071115e-05,0.00013801339,0.061929453,0.02262843,0.060600787,0.02251622,0.0013286746,0.000112209884
0.6111446509692804,0.025287016667425635,0.021931602,0.0063842,0.02503927582874894,0.021817053,0.0063123694,156.15242364671957,46044,11510,0.0002477409499988426,0.000114549934,7.183071e-05,0.04365044,0.021728577,0.043060087,0.021618053,0.0005903556,0.00011052263
0.42257704377185445,0.01737697762437165,0.012173724,0.00424381,0.01721943076699972,0.012114663,0.00403489,156.15600338512752,46084,11520,0.00015754696651129054,5.9060778e-05,0.00020892039,0.042150706,0.0217985,0.041808523,0.021690086,0.00034218733,0.000108413486
0.4907908598391463,0.022046123910695315,0.015996518,0.0062222024,0.021593892388045783,0.015915172,0.0061345627,156.15988455106054,46124,11530,0.00045223145680211023,8.1345344e-05,8.764045e-05,0.07359292,0.014376977,0.071397126,0.014302317,0.002195802,7.465879e-05
0.5997052282859753,0.02960360758006573,0.012512772,0.0049125794,0.02872677417472005,0.012449958,0.0047932025,156.16111438656205,46164,11540,0.0008768339022935833,6.281505e-05,0.0001193773,0.09053165,0.020539364,0.086986534,0.020428082,0.003545122,0.00011128327
0.5447534768151495,0.026483382424339657,0.011964222,0.0047476375,0.02601434662938118,0.011902796,0.0046178047,156.16195734140655,46204,11550,0.0004690360150561901,6.1427425e-05,0.00012983309,0.071042836,0.02463179,0.06930362,0.02450497,0.0017392219,0.00012682106
0.7563338940513954,0.04193167039193213,0.016284645,0.009053149,0.039654171187430615,0.016203322,0.008960485,156.16580732662297,46244,11560,0.0022774987133743706,8.1322614e-05,9.266302e-05,0.13111101,0.024283556,0.12131896,0.02416604,0.009792054,0.00011751415
0.6298100640534077,0.06991448551416396,0.018728234,0.21693401,0.022947364021092657,0.018634642,0.008999625,156.1705731055323,46284,11570,0.04696712372715411,9.359145e-05,0.2079344,0.049379677,0.015151869,0.048827875,0.015075615,0.0005517909,7.625193e-05
0.5499607411307887,0.023436669167131184,0.015914887,0.006530631,0.022944282460957765,0.015835421,0.006339219,156.17311332213455,46324,11580,0.0004923867119941861,7.946849e-05,0.00019141249,0.052886862,0.023988344,0.051163066,0.023871433,0.0017237987,0.00011691149
0.579484240279987,0.04346329085528851,0.023985567,0.007895451,0.03744295118376613,0.023872267,0.0077023283,156.17530116836298,46364,11590,0.006020340189570561,0.00011329395,0.00019312164,0.13748376,0.023815058,0.111259595,0.02368734,0.026224172,0.00012771612
0.6279182359047705,0.05698357336223124,0.015450275,0.0071681356,0.04395975628867745,0.015376165,0.0070892125,156.17814259203192,46404,11600,0.013023815839915187,7.411139e-05,7.89235e-05,0.16586056,0.029009957,0.11873774,0.028867636,0.04712281,0.00014231946
0.5937347866127112,0.030036570504307747,0.015763989,0.0041896226,0.029524006927385927,0.015685622,0.0040702675,156.18352213010883,46444,11610,0.0005125642288476229,7.836852e-05,0.000119354205,0.07266474,0.01833273,0.07118687,0.01823384,0.0014778584,9.888667e-05
0.5579099884793213,0.03245166828855872,0.014886204,0.006186028,0.03190157962962985,0.014815304,0.006107316,156.1891931576694,46484,11620,0.0005500884770299309,7.089853e-05,7.871281e-05,0.07112172,0.023740178,0.06950557,0.023618195,0.0016161636,0.00012198067
0.6528143347816187,0.05541842225939035,0.012811752,0.0054068617,0.04838067023083567,0.012746679,0.0053328895,156.19512907523526,46524,11630,0.0070377520234615075,6.507411e-05,7.397216e-05,0.17113379,0.024609368,0.14574833,0.024490833,0.02538545,0.00011853437
0.5742617886139888,0.02423473745584488,0.022169802,0.008244128,0.023935803305357693,0.022063524,0.008158885,156.19915375785712,46564,11640,0.00029893427781644275,0.00010627761,8.524203e-05,0.06443606,0.02089711,0.06301202,0.020788614,0.001424046,0.0001084953
0.751797115307749,0.03838620791211725,0.020702979,0.007794382,0.03686751965433359,0.020602131,0.00764697,156.20251124306932,46604,11650,0.001518689210206503,0.00010084656,0.00014741249,0.13551621,0.023975225,0.1274036,0.023857808,0.008112613,0.00011741434
0.483717369965755,0.022124369535595177,0.016573489,0.007077963,0.021947650611400603,0.016493443,0.0069104084,156.20602101474697,46644,11660,0.0001767184236086905,8.004519e-05,0.00016755589,0.032884263,0.030395716,0.03258159,0.030246394,0.00030267736,0.00014932384
0.6720114633660802,0.058000543434172866,0.014948899,0.006041912,0.04743135841563344,0.014876992,0.0059088995,156.20883424491512,46684,11670,0.01056918482936453,7.1908864e-05,0.00013301279,0.20591769,0.019681286,0.15925944,0.019588763,0.046658244,9.252574e-05
0.6904763507673634,0.041491311276331544,0.017413191,0.0064618406,0.039235995197668676,0.017314732,0.006230951,156.21278080673133,46724,11680,0.002255316251830664,9.846041e-05,0.00023088869,0.10645999,0.024767391,0.09935918,0.024636444,0.007100786,0.00013094737
0.6523924587484803,0.029776434600353244,0.012913914,0.005089001,0.029223261447623376,0.01284973,0.0049811536,156.21603896734246,46764,11690,0.0005531737420824356,6.418381e-05,0.000107847736,0.068089485,0.03524661,0.06622343,0.035059735,0.0018660576,0.00018687488
0.6528078788877075,0.038127843476831916,0.015600022,0.006874803,0.035120094567537306,0.015518638,0.006046201,156.21920999657297,46804,11700,0.003007749012613203,8.13836e-05,0.0008286017,0.1004632,0.018394819,0.0916325,0.018299997,0.008830681,9.482539e-05
0.6877189117741423,0.04384348914027214,0.012063642,0.0055278824,0.04252781905233859,0.012000715,0.0054436764,156.22294740376444,46844,11710,0.0013156708126189189,6.292661e-05,8.420605e-05,0.110500604,0.024980133,0.106325105,0.024854084,0.0041754986,0.00012604959
0.8354028857858923,0.0704251928254962,0.01436907,0.010011036,0.05699216518551112,0.014294929,0.009918912,156.22659001902005,46884,11720,0.013433023910329212,7.414067e-05,9.212339e-05,0.25294688,0.022739101,0.1935869,0.022621192,0.05936003,0.00011790557
0.7025502822938989,0.0895245771855116,0.0148761785,0.008580226,0.049424009211361405,0.014802029,0.008502448,156.23158608020043,46924,11730,0.04010056760234876,7.414634e-05,7.7778015e-05,0.22462186,0.028372232,0.110220805,0.028221076,0.11440104,0.0001511542
0.7727558304736621,0.0404800227843225,0.012147962,0.00478062,0.037191800959408286,0.012086841,0.0044184504,156.23671508470701,46964,11740,0.0032882205483474535,6.1120336e-05,0.00036216975,0.13550676,0.024061453,0.11965594,0.023940342,0.015850842,0.00012111728
0.6851603646625026,0.036347630713135,0.019328445,0.008823694,0.035650934744626286,0.019230895,0.00873186,156.24039139141922,47004,11750,0.0006966947374166919,9.755176e-05,9.1833455e-05,0.082451485,0.03162602,0.08022989,0.031460915,0.0022215997,0.00016510488
0.437514144822034,0.01830250630155206,0.0135529265,0.00869912,0.018161207810044287,0.013484606,0.008606952,156.24275330888736,47044,11760,0.00014129919036349748,6.832025e-05,9.216995e-05,0.042210363,0.023534337,0.04172702,0.023417473,0.0004833431,0.00011686545
0.5866298303702573,0.029943055985495442,0.011123624,0.012631312,0.02927904650568962,0.011065451,0.012534501,156.24543101352384,47084,11770,0.0006640096808041562,5.817182e-05,9.681028e-05,0.07859341,0.020766152,0.07595154,0.020657284,0.002641878,0.000108863795
0.7383374336917863,0.04496857132762671,0.020507962,0.008993091,0.042150972597301,0.020410622,0.008605962,156.25030026867094,47124,11780,0.0028175977357022927,9.734035e-05,0.00038712865,0.118224,0.014371179,0.10930154,0.014299176,0.008922453,7.200272e-05
0.6190895462136049,0.039357452653348446,0.019840732,0.009581784,0.037987388856709,0.01974881,0.009475147,156.25639519357142,47164,11790,0.0013700644922209904,9.1921844e-05,0.00010663636,0.09171544,0.021007707,0.08738536,0.020900756,0.004330089,0.0001069522
0.8206370042550624,0.046120382472872735,0.02666467,0.0061051934,0.04312940165400505,0.026533391,0.006020621,156.26120233771974,47204,11800,0.002990980087633944,0.0001312809,8.45728e-05,0.12402479,0.031062013,0.11241971,0.030907338,0.011605079,0.00015467603
0.7441971420122808,0.05263295210897922,0.013617456,0.006965322,0.05045056771486998,0.013548248,0.0068846303,156.26799322548388,47244,11810,0.002182385457854252,6.920732e-05,8.069127e-05,0.10220667,0.026169427,0.0971921,0.026043318,0.0050145844,0.00012610707
0.5013164443804095,0.02552176136523485,0.011626452,0.0048378985,0.02511970391497016,0.01157042,0.0044925143,156.274356374907,47284,11820,0.0004020574029709678,5.603044e-05,0.00034538447,0.0667164,0.03697187,0.06554992,0.036785085,0.0011664699,0.00018678849
0.5515528872200011,0.026920251455157994,0.014042307,0.0047239205,0.026571816578507428,0.013970124,0.0046424316,156.27912275286303,47324,11830,0.000348433872568421,7.2181676e-05,8.1488506e-05,0.049494687,0.022559876,0.048567243,0.022441426,0.000927454,0.00011844949
0.7586922659357028,0.04643209958449006,0.020328347,0.006252488,0.04207840319722891,0.020220961,0.006169197,156.28137057582742,47364,11840,0.00435369689730578,0.000107385385,8.3290855e-05,0.1230607,0.0212995,0.10750349,0.021186523,0.015557246,0.00011297526
0.5831942188924247,0.025342135131359102,0.01606875,0.006296139,0.02498691808432341,0.015988354,0.0061102635,156.28533119709982,47404,11850,0.00035521613535820505,8.039601e-05,0.00018587403,0.07117286,0.022836441,0.06990918,0.0227188,0.0012636904,0.00011764092
0.5409705455565165,0.04034298742190004,0.01650764,0.008599667,0.034316445887088785,0.016428964,0.008497956,156.28900248165215,47444,11860,0.00602654230351618,7.867445e-05,0.00010171132,0.18584871,0.019855235,0.14622161,0.019749505,0.03962711,0.00010572797
0.6436736614916037,0.03306404501199724,0.019023998,0.0046113026,0.03170760124921799,0.018928107,0.0045254086,156.29248994294383,47484,11870,0.0013564442961069287,9.58916e-05,8.589335e-05,0.09314108,0.023850158,0.08747075,0.023721345,0.00567033,0.00012881326
0.7749802122560494,0.08051210884004831,0.021071658,0.007124327,0.04801847133785486,0.020971244,0.0070491056,156.29680826632048,47524,11880,0.032493637152947494,0.00010041454,7.5220996e-05,0.17247674,0.023332817,0.091398776,0.023213003,0.081078015,0.00011981343
0.599207890335846,0.020087927673012016,0.011730189,0.011587434,0.019892014283686872,0.011672742,0.011468739,156.30299052937522,47564,11890,0.00019591290038079023,5.744755e-05,0.00011869462,0.06489214,0.01754557,0.06392531,0.017451413,0.0009668363,9.415144e-05
0.6252288813243994,0.041854896862059836,0.025690544,0.005877181,0.04012366095557808,0.025559934,0.0057948204,156.30759901557371,47604,11900,0.0017312372656306252,0.00013061578,8.236006e-05,0.13455006,0.03453804,0.12637255,0.03435324,0.008177531,0.0001848024
0.7937746112195309,0.05386841725558043,0.018081885,0.008363143,0.049389518611133096,0.017989602,0.008267917,156.31215398507874,47644,11910,0.004478900977119338,9.2282746e-05,9.522572e-05,0.15330814,0.024441719,0.13729174,0.024316046,0.016016394,0.00012567037
0.5351064303467419,0.0263311680406332,0.018690765,0.0051552597,0.025871331896632908,0.01859551,0.0050437977,156.31529904522213,47684,11920,0.0004598366780555807,9.5252464e-05,0.00011146256,0.081598274,0.018729426,0.07945322,0.018629637,0.0021450536,9.9793775e-05
0.45170213601116843,0.024268536176532508,0.015654173,0.005230237,0.023946965299546718,0.015566631,0.0051698475,156.31831347361023,47724,11930,0.0003215702519810293,8.753951e-05,6.0388673e-05,0.08998282,0.022953724,0.08804618,0.022831649,0.0019366303,0.00012207577
0.7066277178535517,0.04124035537242889,0.013800679,0.005724253,0.03987016296014189,0.013728469,0.0056182705,156.32112758438635,47764,11940,0.0013701925312489037,7.220959e-05,0.000105982625,0.081381135,0.021893432,0.078104496,0.02177544,0.0032766392,0.00011799169
0.594718456791825,0.030241360561922184,0.02119593,0.0046080085,0.029806998604908586,0.021091755,0.0042459704,156.32384102341572,47804,11950,0.0004343620967119932,0.000104176004,0.00036203812,0.05648535,0.021262882,0.05558986,0.02114927,0.000895497,0.000113612405
0.7368094509496763,0.08785309842787684,0.01879221,0.006807431,0.04665293507277966,0.018697862,0.006698705,156.32493866736232,47844,11960,0.04120016317028785,9.434779e-05,0.000108726985,0.24495696,0.019087255,0.11840026,0.018992038,0.12655671,9.5215466e-05
0.66818778287026,0.0398764287121594,0.023393188,0.010165812,0.0390352688729763,0.023284597,0.010084205,156.3297982722063,47884,11970,0.0008411583505221642,0.00010859081,8.160738e-05,0.0810529,0.022992311,0.07883236,0.022878345,0.0022205375,0.00011396812
0.6999091755783833,0.02915875278413296,0.013596955,0.008772072,0.028860434144735336,0.013526678,0.008665618,156.3348553079122,47924,11980,0.00029831881183781654,7.027717e-05,0.00010645462,0.053830244,0.028452916,0.053096104,0.028310485,0.000734138,0.00014243682
0.76380827183353,0.07851974545046687,0.012949731,0.008280997,0.04359337324276566,0.012885192,0.008143754,156.34109541474533,47964,11990,0.03492637094605016,6.453955e-05,0.00013724192,0.23577853,0.020058444,0.11959787,0.01996289,0.11618067,9.5552285e-05
0.5616780831593131,0.020807463210076094,0.021263145,0.007476823,0.020587449148297313,0.021152504,0.0073653096,156.3474909183931,48004,12000,0.00022001380311849062,0.00011064504,0.00011151354,0.056949243,0.01913406,0.05607245,0.019043008,0.0008767854,9.10518e-05
0.5957476544137795,0.0268405482172966,0.017947977,0.006346727,0.0261716797016561,0.017856762,0.005716844,156.3517141882185,48044,12010,0.0006688685796689243,9.121609e-05,0.0006298815,0.09658276,0.018994149,0.09364111,0.018895825,0.0029416492,9.832377e-05
0.7055468591826246,0.0230608738027513,0.017827358,0.0069548204,0.02289738114923239,0.01774124,0.006835817,156.3529281276059,48084,12020,0.00016349279540008865,8.6119304e-05,0.000119004035,0.04538807,0.024436174,0.044965625,0.02431359,0.00042243517,0.00012258615
0.7405346549421279,0.04782681483775377,0.0115220975,0.0052245124,0.04467522874474525,0.01146445,0.0049828305,156.35634429206365,48124,12030,0.003151586406602292,5.7647856e-05,0.00024168327,0.1190048,0.03342955,0.108865395,0.033259906,0.010139417,0.00016964655
0.7665303582878183,0.08873136304318906,0.017859664,0.0074464954,0.045457280706614256,0.017771732,0.007331304,156.36055212921622,48164,12040,0.04327407739619958,8.792709e-05,0.00011519074,0.49868336,0.026180105,0.2108141,0.026044264,0.2878692,0.00013584053
0.6623535387962658,0.04129723422229291,0.027724413,0.0062332335,0.039745067059993755,0.027581781,0.006022708,156.36341074301103,48204,12050,0.0015521676898060833,0.00014263342,0.00021052544,0.07605812,0.022437878,0.07241961,0.022318602,0.0036384992,0.000119274104
0.6256457228945558,0.05010107904672623,0.017078033,0.0045417016,0.04649680079892278,0.016993042,0.004463057,156.36693816277943,48244,12060,0.0036042782077856826,8.498978e-05,7.864494e-05,0.13265081,0.02019272,0.1208372,0.020097379,0.011813613,9.534537e-05
0.6362153276175827,0.03911451343446971,0.0120095145,0.0075550876,0.03793838624842465,0.011945385,0.007464905,156.36921411546328,48284,12070,0.0011761280038626865,6.413306e-05,9.018233e-05,0.112056606,0.030665014,0.107214175,0.030497493,0.004842434,0.00016752022
0.5069621053109936,0.031947571970522406,0.01561975,0.003630678,0.03140750378370285,0.015545393,0.00355053,156.37179057501666,48324,12080,0.000540068066038657,7.435681e-05,8.0147576e-05,0.06224356,0.034163542,0.06080454,0.033996962,0.001439016,0.00016657606
0.477239371199443,0.0236704611685127,0.01518059,0.0046811937,0.02320842770859599,0.015107387,0.0045928145,156.37524004713777,48364,12090,0.0004620336818334181,7.32037e-05,8.8378736e-05,0.10350084,0.02301191,0.09970661,0.022900086,0.0037942387,0.00011182948
0.678116172361936,0.026680644787848,0.019073877,0.005808821,0.026367436069995163,0.01898185,0.005724051,156.37960554250134,48404,12100,0.0003132087789708749,9.2036855e-05,8.4769854e-05,0.052066427,0.01756768,0.051230855,0.017479625,0.00083556556,8.805391e-05
0.7460890194297263,0.04182322164997459,0.014302151,0.008275634,0.03925691917538643,0.014230773,0.008101207,156.38386014933482,48444,12110,0.0025663009426352807,7.137973e-05,0.00017442724,0.11706533,0.01814126,0.10803132,0.018047718,0.009034025,9.353927e-05
0.570279867999044,0.025997811928391457,0.012903647,0.007984468,0.025572796911001207,0.012838859,0.007871131,156.38826146672173,48484,12120,0.00042501512507442385,6.4788335e-05,0.000113337686,0.059846517,0.02098747,0.058539804,0.020885209,0.0013067208,0.00010226274
0.6140529382357284,0.031202205549925567,0.018336365,0.0056149946,0.030705170705914497,0.018242214,0.0055534514,156.39147799319971,48524,12130,0.0004970343077729921,9.4149254e-05,6.1543324e-05,0.07497013,0.02459473,0.07326327,0.024469437,0.0017068598,0.00012529205
0.5049215123734256,0.02641864800825715,0.01552444,0.0056271576,0.025863592326641087,0.015441537,0.0055570067,156.39374053736566,48564,12140,0.0005550566704187077,8.290298e-05,7.015093e-05,0.082327485,0.027625896,0.07959421,0.027480593,0.002733288,0.00014530674
0.44385417919551634,0.027504036296159027,0.013716316,0.009662874,0.02695805113762617,0.013643687,0.0092781875,156.39579124837192,48604,12150,0.0005459850519400789,7.2628594e-05,0.00038468785,0.06820505,0.029752735,0.0664537,0.029605225,0.0017513371,0.00014751076
0.6754407575514236,0.041341247223317626,0.022122882,0.0077079055,0.039995241630822416,0.022015633,0.007636985,156.40081543744145,48644,12160,0.0013460050471621801,0.00010725213,7.0920745e-05,0.08196618,0.027903933,0.078320056,0.027759597,0.0036461134,0.00014433954
0.5326466807483756,0.03391361134126782,0.020909661,0.009362882,0.032257335819303984,0.020812396,0.009243984,156.4064625593433,48684,12170,0.0016562757817155218,9.726523e-05,0.00011889716,0.09256885,0.025705991,0.0847435,0.02558416,0.007825353,0.0001218349
0.5738466257345116,0.034166439529508354,0.016367687,0.006343063,0.03302841298282146,0.016290026,0.006234112,156.41233240485874,48724,12180,0.0011380260140867904,7.766027e-05,0.000108951346,0.10142441,0.02061185,0.09669629,0.020511681,0.004728117,0.00010016997
0.47955929989754803,0.025567532796412707,0.015067533,0.0064894455,0.025120629463344812,0.014995225,0.006404597,156.41787685554777,48764,12190,0.0004469046296435408,7.2309726e-05,8.484922e-05,0.053388413,0.0219469,0.052006353,0.021832446,0.0013820705,0.00011445277
0.7113213247345906,0.051692101731896395,0.016065426,0.00733169,0.048275750502943984,0.015987208,0.007225494,156.42148447225384,48804,12200,0.003416349906910909,7.821748e-05,0.00010619604,0.14641306,0.023826161,0.13425627,0.023702472,0.012156788,0.00012368496
0.6968952597970562,0.03446199102327227,0.012772702,0.007641058,0.0339491325430572,0.012711648,0.0075700856,156.42548468356463,48844,12210,0.0005128590713866289,6.1054445e-05,7.097313e-05,0.06316558,0.024032883,0.062022954,0.02390505,0.0011426306,0.00012783242
0.5854285954783591,0.05955060459673406,0.01622111,0.08099872,0.03315540477633477,0.016141213,0.00655042,156.42948413873333,48884,12220,0.026395199916078124,7.9895726e-05,0.07444832,0.09664583,0.017500877,0.08876569,0.017416954,0.007880143,8.3924344e-05
0.7468270857649023,0.051907002180814746,0.020725107,0.003680132,0.04931925125420094,0.020621294,0.003560944,156.4319907658959,48924,12230,0.0025877505373500752,0.00010381183,0.00011918794,0.14996253,0.021228157,0.13992849,0.021123577,0.010034035,0.00010457738
0.7512266946243533,0.03773478474467993,0.03162895,0.0059523056,0.03704424602910877,0.031474456,0.0058326796,156.43676966534844,48964,12240,0.000690538676280994,0.00015449506,0.00011962603,0.083482586,0.019504564,0.0814727,0.019397495,0.0020098889,0.000107066204
0.6255355542396555,0.03172561535611749,0.020013612,0.005964958,0.0307718774303794,0.019921035,0.0057949973,156.4426101511848,49004,12250,0.000953737197414739,9.257382e-05,0.00016996023,0.059350077,0.0215497,0.0571686,0.02143808,0.0021814907,0.00011162063
0.5590335982177678,0.023036965867504478,0.016279,0.0061412845,0.022724063554778694,0.016191553,0.0060625277,156.44495499086997,49044,12260,0.0003129021271888632,8.744877e-05,7.875551e-05,0.05893553,0.02236467,0.057737,0.022252964,0.0011985195,0.000111706846
0.6726438627520934,0.046078547928482295,0.017585777,0.008262048,0.0431719240732491,0.017497765,0.008175443,156.44622293328405,49084,12270,0.0029066239912936,8.8013665e-05,8.660655e-05,0.12191322,0.023433674,0.111611925,0.023314036,0.010301283,0.0001196374
0.5322914874775407,0.02958304095081985,0.015749631,0.007513987,0.02911095735616982,0.015668603,0.0073145023,156.45108701226044,49124,12280,0.00047208429423335475,8.1026716e-05,0.00019948336,0.07403279,0.016101345,0.07264767,0.016021064,0.0013851393,8.028156e-05
1.0083367659000042,0.10118211619555952,0.03022663,0.008546137,0.07896309029310941,0.030085593,0.008461028,156.4559884658533,49164,12290,0.02221902539458824,0.00014103421,8.510896e-05,0.22033674,0.032121398,0.16497575,0.031957466,0.055360932,0.00016393278
0.7022120004390113,0.04101023804396391,0.017639766,0.004568412,0.03889974961057305,0.017550876,0.0044197547,156.46198734677205,49204,12300,0.002110486874880735,8.888883e-05,0.00014865735,0.12774514,0.025926897,0.11878165,0.025794137,0.00896349,0.00013275942
0.6426125813689837,0.026703874394297597,0.014385573,0.005820476,0.02610113229602575,0.014306948,0.0057455846,156.46707296132084,49244,12310,0.000602742548653623,7.862759e-05,7.489066e-05,0.05521997,0.024574166,0.053278208,0.024450077,0.001941758,0.0001240875
0.7296282712378211,0.037561111524701124,0.02142894,0.006442162,0.03573902221396565,0.021322984,0.0063663553,156.4700652519529,49284,12320,0.0018220897218270693,0.000105956955,7.5806835e-05,0.09975214,0.019623837,0.09275607,0.019519353,0.006996084,0.00010448303
0.641049433585173,0.04024668522179127,0.021322574,0.008277053,0.039060873165726664,0.021216659,0.008160946,156.4750880487623,49324,12330,0.0011858114354254214,0.0001059146,0.000116106305,0.1076747,0.025427457,0.10327932,0.02530053,0.0043953834,0.00012692314
0.970099239534508,0.05177835719659925,0.015664324,0.0073796893,0.04720821091905236,0.015584806,0.006830206,156.4825835852464,49364,12340,0.004570150142535567,7.951867e-05,0.00054948305,0.15528171,0.038925663,0.1359664,0.03873501,0.019315306,0.00019064902
0.6841756930580459,0.09459189167246224,0.020473657,0.010075776,0.05126309487968684,0.020370107,0.009970103,156.4912828519742,49404,12350,0.04332879930298077,0.00010354767,0.00010567292,0.2748176,0.019630738,0.13062891,0.019532885,0.14418867,9.7853175e-05
0.45685005159402003,0.027483941614627833,0.01769944,0.0109589435,0.02714940374717116,0.01761122,0.010855297,156.4968754064922,49444,12360,0.00033453801152063536,8.822093e-05,0.00010364657,0.054993834,0.024291156,0.053980004,0.0241648,0.0010138388,0.00012636052
0.6398757144649846,0.04102298705838621,0.010681972,0.008676103,0.03848909568041562,0.010626514,0.008526365,156.5006869335134,49484,12370,0.002533892936480697,5.5458262e-05,0.0001497398,0.14046475,0.017849151,0.12956254,0.017764607,0.01090222,8.454468e-05
0.5658607671309144,0.0241366783156991,0.017424887,0.0076934583,0.023877040296792985,0.017335553,0.0076110098,156.5046261765614,49524,12380,0.0002596383914351463,8.9337824e-05,8.244774e-05,0.055607207,0.021207422,0.054776374,0.021097977,0.00083083677,0.00010944807
0.5348829500669786,0.02457197215408087,0.015602587,0.0069930335,0.02423912528902292,0.015521401,0.006911928,156.50757059588832,49564,12390,0.00033284742894466033,8.11853e-05,8.110527e-05,0.05618267,0.024984116,0.055122864,0.024856068,0.0010598121,0.00012804833
0.5731469810856152,0.03905992265790701,0.011610149,0.005728196,0.03615804351866246,0.011552825,0.0056250957,156.51037828772633,49604,12400,0.0029018794244620952,5.7325775e-05,0.00010310071,0.11539049,0.019270366,0.1040441,0.019175531,0.011346407,9.4835865e-05
0.4107513927062878,0.023277969192713497,0.009714168,0.006255831,0.02297511869110168,0.009662388,0.00618112,156.51428208988418,49644,12410,0.00030285054235719145,5.1778745e-05,7.4711344e-05,0.052164387,0.024783924,0.051274262,0.024666764,0.00089011446,0.00011716054
0.5095082354170953,0.022825314477086068,0.01833451,0.006196483,0.022620245441794393,0.018238157,0.006139073,156.5175701457059,49684,12420,0.00020506901564658624,9.635295e-05,5.7410904e-05,0.04219258,0.02765573,0.041651264,0.027518464,0.0005413205,0.00013726925
0.491804838006642,0.021010183356702326,0.014916552,0.006680037,0.020841323491185906,0.01483944,0.0065983813,156.52438193535866,49724,12430,0.00016885932272998617,7.711322e-05,8.165407e-05,0.042900883,0.019361045,0.04245088,0.019262582,0.0004500028,9.846022e-05
0.658194485765267,0.03308683945797383,0.010978697,0.0037443254,0.03224492408335209,0.010925353,0.0036281631,156.5305632197225,49764,12440,0.0008419145502557512,5.3344105e-05,0.000116162875,0.08009348,0.021893015,0.077511795,0.021781756,0.0025817049,0.00011126425
0.6752387802625825,0.04766214871779084,0.011072861,0.0063888733,0.037905840482562785,0.011016582,0.0063054296,156.5315881344778,49804,12450,0.009756310806187683,5.6277997e-05,8.344258e-05,0.14772901,0.014899575,0.11244919,0.01482644,0.035279825,7.313256e-05
0.6185255897181582,0.035269442200660715,0.013499688,0.009067822,0.03349031284451485,0.013427976,0.00893072,156.53348918325665,49844,12460,0.0017791286409192253,7.1715665e-05,0.00013710147,0.08772449,0.01821303,0.08205059,0.018113775,0.005673899,9.925393e-05
0.6139671099719403,0.026361409574747086,0.009563835,0.007870956,0.025908988434821367,0.009513442,0.007687943,156.53731816421043,49884,12470,0.00045242148262332195,5.0393366e-05,0.00018301127,0.06764624,0.023911247,0.06622681,0.023794092,0.0014194332,0.0001171529
0.673742974673079,0.04555551391094923,0.00992874,0.0031167357,0.042574047483503824,0.009876228,0.0030626792,156.54137375557178,49924,12480,0.002981466065830318,5.2513537e-05,5.4056938e-05,0.12843096,0.025313327,0.117800765,0.025188737,0.010630192,0.00012458889
0.5808578350596065,0.03943644873797893,0.014127191,0.004751964,0.03445592708885671,0.014056074,0.0043921988,156.54625627429647,49964,12490,0.004980523422273108,7.111666e-05,0.00035976534,0.19683664,0.018348478,0.16469406,0.018255694,0.03214259,9.278111e-05
0.5078095346260815,0.03192501058802009,0.016771689,0.0084552,0.031326315132901066,0.016686007,0.008378913,156.55227007753186,50004,12500,0.0005986953587125754,8.568383e-05,7.6288365e-05,0.077874556,0.03070888,0.075579174,0.030550487,0.0022953812,0.00015839761
0.6108428427085285,0.02738724239170551,0.021394944,0.0048232796,0.027138182893395424,0.02128791,0.0047464413,156.5548353665677,50044,12510,0.00024905863392632455,0.000107030304,7.683793e-05,0.055323746,0.028741676,0.054646127,0.028603854,0.0006776207,0.00013782505
0.6604581817332807,0.03295714082196354,0.021248491,0.008224746,0.03236589995212853,0.021136561,0.008146407,156.55784638496954,50084,12520,0.0005912406872084829,0.000111932895,7.833981e-05,0.07309672,0.023983812,0.071058504,0.023862243,0.00203822,0.00012157226
0.5724448046565478,0.04977144077420235,0.01852322,0.01090755,0.040874407719820746,0.018428259,0.010812542,156.56103317193504,50124,12530,0.008897034156325393,9.496204e-05,9.5008225e-05,0.17232092,0.024127597,0.12825237,0.024010021,0.044068523,0.00011757819
0.5863657907912365,0.051022852677851914,0.013467197,0.010331144,0.04180908221751451,0.013397118,0.010232604,156.5663131016989,50164,12540,0.009213771526992787,7.008103e-05,9.854033e-05,0.17873646,0.025351001,0.13308388,0.02522865,0.045652542,0.00012235623
0.6778125360834668,0.09178668837994337,0.011268422,0.0068343654,0.04779678480699659,0.011210674,0.0067152553,156.57180434603396,50204,12550,0.043989897425490206,5.774665e-05,0.00011911064,0.25710082,0.02502715,0.12196248,0.024895858,0.13513829,0.00013129572
0.4703252701831066,0.019179857242852448,0.01767093,0.0068276622,0.019045769330114128,0.017584495,0.006761388,156.57659848424572,50244,12560,0.00013408745799097234,8.643187e-05,6.6274435e-05,0.02948635,0.024763403,0.029205438,0.024629299,0.00028091433,0.00013410646
0.4978622259365731,0.022812475450336933,0.01542953,0.0055345246,0.02258762596175074,0.015348033,0.005465407,156.57926979983444,50284,12570,0.0002248494711238891,8.149681e-05,6.9117894e-05,0.061080664,0.0254326,0.06013381,0.025304249,0.0009468681,0.0001283505
0.4711497425816841,0.034264850802719606,0.014987962,0.004481063,0.03374484609812498,0.014908839,0.004395948,156.5832857985023,50324,12580,0.0005200052022701129,7.912816e-05,8.511524e-05,0.06408224,0.020160463,0.06297892,0.020052986,0.00110331,0.000107479005
0.5155806645387351,0.03498278809711337,0.014178769,0.009624038,0.033769525866955516,0.014106514,0.009499081,156.58601416376897,50364,12590,0.0012132637792092284,7.2255345e-05,0.00012495655,0.09772569,0.01956222,0.09315223,0.019467968,0.0045734607,9.425155e-05
0.8072528556452845,0.07234994317404926,0.010204808,0.0044254083,0.06576867485418916,0.010150692,0.004350865,156.58958920589353,50404,12600,0.006581269191519823,5.411323e-05,7.4543954e-05,0.1832181,0.023214187,0.16455705,0.02310434,0.018661067,0.000109850545
0.5882806600007806,0.04985040635801851,0.015439104,0.10353737,0.022570636449381714,0.015359589,0.0062423293,156.59568675670204,50444,12610,0.027279771041867212,7.951806e-05,0.097295016,0.06420481,0.02204023,0.06150528,0.021930782,0.0026995428,0.000109448636
0.5190806703834286,0.05054487166926264,0.021810377,0.11229638,0.02344327988103032,0.021703476,0.0049289633,156.6012296744918,50484,12620,0.027101591316022678,0.00010690078,0.10736741,0.044800747,0.027870052,0.043854237,0.027716596,0.0009465155,0.00015345792
0.532662240129951,0.027370566176250576,0.011483531,0.0067219213,0.026665258314460517,0.011427932,0.0064968267,156.60515533961444,50524,12630,0.0007053072607959622,5.5596942e-05,0.00022509441,0.10104666,0.020185988,0.09758675,0.020088434,0.003459915,9.755585e-05
0.6798091419084806,0.03813223950564861,0.017163316,0.005860227,0.03716175854206085,0.01708091,0.0057857363,156.60799184257166,50564,12640,0.0009704803469503531,8.240668e-05,7.449057e-05,0.089317985,0.021235261,0.0862911,0.021129185,0.003026884,0.00010607774
0.6457359260891309,0.06964697213843465,0.015340799,0.15338369,0.0282330091111362,0.015264108,0.0048106904,156.60985604928442,50604,12650,0.04141396550112404,7.6694305e-05,0.148573,0.09797791,0.021617075,0.09509008,0.021510933,0.0028878395,0.000106146996
0.738278118423694,0.03700713366270065,0.020239793,0.005938092,0.03604447757825256,0.020138666,0.0058591343,156.6116222782881,50644,12660,0.0009626549501263071,0.00010112726,7.895711e-05,0.086542256,0.01928321,0.08355359,0.019183176,0.0029886668,0.00010003568
0.6387987500297726,0.023395681474357843,0.013249893,0.007827507,0.023001784551888706,0.013179105,0.007435596,156.6134350452104,50684,12670,0.00039389712910633536,7.078995e-05,0.00039191355,0.057133574,0.016580012,0.056132734,0.016497796,0.0010008453,8.22118e-05
0.49830840124022213,0.027162634208798407,0.012338832,0.0056920517,0.026849640812724826,0.012274421,0.0056295134,156.61410817714426,50724,12680,0.0003129930541035719,6.441328e-05,6.253747e-05,0.064672366,0.031180639,0.063607,0.031020889,0.0010653677,0.0001597494
0.48997609036189116,0.0304322762414813,0.007476588,0.013765043,0.02996360929682851,0.007439947,0.013649797,156.61640566164837,50764,12690,0.000468666050437605,3.663991e-05,0.000115246774,0.06064659,0.032636724,0.059227135,0.0324762,0.001419446,0.00016052347
0.6508273005897709,0.041200009919703004,0.012322295,0.011485027,0.03834263850003481,0.01225953,0.011401489,156.61959161829137,50804,12700,0.0028573707968462254,6.276448e-05,8.3537496e-05,0.09789645,0.022507314,0.08858319,0.022392651,0.009313241,0.00011466174
0.6188589981689653,0.03743263892829418,0.014430821,0.0072751665,0.03635326903313398,0.014357554,0.0072031515,156.6233922937279,50844,12710,0.0010793697110784706,7.326753e-05,7.201465e-05,0.09140973,0.03164402,0.087733366,0.031493086,0.0036763628,0.00015093162
0.7269082803872919,0.09355442598462105,0.018781526,0.006362106,0.053338108118623495,0.018690156,0.006296682,156.62882040178656,50884,12720,0.04021631778414303,9.137013e-05,6.542342e-05,0.21489313,0.030032212,0.107829556,0.029889056,0.10706363,0.00014315023
0.6325360619328716,0.0351311688311398,0.015092193,0.0073118405,0.03398864222690463,0.015022722,0.007196235,156.63472690054186,50924,12730,0.0011425253702327608,6.947424e-05,0.00011560544,0.097307414,0.02321603,0.0930333,0.023100525,0.0042741103,0.000115504736
0.5857399608427536,0.027716910745948554,0.02136173,0.011319518,0.027335962746292353,0.021252906,0.01118863,156.64029816574367,50964,12740,0.00038094738119980325,0.00010882242,0.00013088551,0.08736034,0.028552951,0.08470625,0.028411184,0.0026540884,0.00014176813
0.6897461111949735,0.06970981569029391,0.017545646,0.0053465148,0.061132795456796896,0.01744216,0.0052668145,156.64461459546806,51004,12750,0.008577019649237627,0.000103486746,7.970084e-05,0.21781008,0.021838129,0.18687418,0.021724619,0.030935906,0.00011350999
0.6661050217291071,0.03409429171588272,0.015639614,0.0062842392,0.032477664784528314,0.015560222,0.0061948393,156.64932850404605,51044,12760,0.0016166285495273769,7.939356e-05,8.9398854e-05,0.11813333,0.018660542,0.11038752,0.018574294,0.007745815,8.6245505e-05
0.5002626198313884,0.020399592351168394,0.01839268,0.005849348,0.020105742570012807,0.0183033,0.005719981,156.6542575540884,51084,12770,0.00029384982954070436,8.938032e-05,0.00012936645,0.053501017,0.019942407,0.052149635,0.019843262,0.0013513775,9.9146724e-05
0.5557249507260137,0.03271655393764377,0.030595701,0.008839504,0.0318223474547267,0.030445602,0.008721357,156.6573439813463,51124,12780,0.0008942071144701913,0.00015009992,0.00011814817,0.09213059,0.011980781,0.08852528,0.011922404,0.0036053108,5.8375947e-05
0.564811171736278,0.08103048522025347,0.020197015,0.008626105,0.040880490792915225,0.02009799,0.008442698,156.65949871155075,51164,12790,0.04014999561768491,9.9025594e-05,0.0001834089,0.3475584,0.025096292,0.1474272,0.024971807,0.20013116,0.00012448932
0.6710676047193505,0.03865335797891021,0.016408578,0.0062255464,0.03744574505835772,0.016331058,0.0061465176,156.6620736419866,51204,12800,0.0012076135441020598,7.7521e-05,7.902934e-05,0.10482555,0.017994821,0.10065268,0.017905641,0.0041728634,8.9175206e-05
0.7395461493865463,0.05405922899954021,0.013309783,0.0064242897,0.04832854983396828,0.013236723,0.0063402657,156.6658783541528,51244,12810,0.005730677743849812,7.305833e-05,8.40248e-05,0.15742403,0.025929352,0.1368326,0.02580153,0.020591445,0.0001278199
0.6797730681336674,0.032739758398383854,0.025858525,0.007224638,0.03217112384736538,0.025725337,0.0071249073,156.66966126047953,51284,12820,0.0005686348245944826,0.00013319077,9.97311e-05,0.0663249,0.027184492,0.06471879,0.027036864,0.0016061023,0.0001476249
0.6852438362318487,0.031535012647509575,0.0163872,0.010068698,0.031007531424984337,0.016306998,0.009922582,156.67497443707686,51324,12830,0.00052748106099898,8.0202175e-05,0.0001461183,0.07126534,0.026936393,0.06967108,0.026808744,0.0015942645,0.00012764748
0.790087271809941,0.04816613830626011,0.023348127,0.008005913,0.046023358358070254,0.023236362,0.007912728,156.68037947459615,51364,12840,0.0021427799943921854,0.00011176053,9.318555e-05,0.1094491,0.017072592,0.10351086,0.016978765,0.005938234,9.382612e-05
0.5485854346118887,0.04013440399430692,0.016980076,0.006850078,0.0352890727808699,0.016896568,0.006711642,156.68643669071068,51404,12850,0.0048453339222760405,8.351374e-05,0.00013843569,0.1684291,0.015739065,0.14122179,0.015660834,0.027207315,7.822744e-05
0.5435013286056398,0.03116513574495912,0.018466547,0.008305173,0.03071288475766778,0.018371982,0.0081852265,156.69061811004502,51444,12860,0.0004522505245404318,9.455974e-05,0.00011994642,0.057120293,0.032922514,0.055978347,0.032746546,0.001141953,0.00017596406
0.613382740079123,0.036415457213297475,0.011855688,0.0072265603,0.03398854541592299,0.01179476,0.007147324,156.69335975995207,51484,12870,0.0024269110235763942,6.0926915e-05,7.923653e-05,0.11911705,0.016361646,0.10858572,0.016279113,0.010531324,8.253658e-05
0.5366359965316924,0.05694068521261215,0.018262476,0.08467505,0.029323478043079377,0.018166982,0.007523697,156.69630798133144,51524,12880,0.027617208288575064,9.549626e-05,0.07715138,0.07662892,0.022473434,0.07434319,0.022354957,0.0022857396,0.000118475684
0.4569411224813166,0.02444672393612564,0.014599734,0.0062028863,0.02397948056459427,0.014530486,0.00608989,156.69882680948643,51564,12890,0.0004672437611588975,6.9246096e-05,0.00011299637,0.10215094,0.017463453,0.09905059,0.017370855,0.0031003486,9.2595496e-05
0.46117333468681676,0.021814436279237272,0.018978482,0.007222371,0.02153024058789015,0.018885816,0.0068944157,156.70138625024063,51604,12900,0.00028419594527804285,9.266528e-05,0.00032795736,0.052433252,0.020521361,0.051433038,0.0204205,0.0010002133,0.00010085774
0.5942094371001873,0.034994155867025256,0.0132079,0.0039030705,0.03404875304549932,0.013140485,0.0038354562,156.70350886627708,51644,12910,0.000945402749493951,6.741577e-05,6.7614565e-05,0.11097013,0.028097993,0.10662995,0.0279455,0.004340173,0.0001524914
0.5855564986523206,0.03991025048308075,0.019339444,0.0080481,0.03771968381479383,0.019246552,0.007958972,156.70608760496305,51684,12920,0.0021905657500610686,9.289226e-05,8.912725e-05,0.12552178,0.023551125,0.11612337,0.023423223,0.0093984,0.00012790535
0.5057001651072668,0.06604077955707907,0.012357249,0.16180664,0.02988331373780966,0.01229668,0.0067707235,156.71099535044547,51724,12930,0.036157465111682545,6.056623e-05,0.15503591,0.10991419,0.023211617,0.10292325,0.023097852,0.006990939,0.00011376657
